Id,Category
HW00006645,6
HW00001236,6
HW00004004,6
HW00006091,6
HW00000373,6
HW00000956,6
HW00002810,6
HW00001314,6
HW00005018,6
HW00000083,6
HW00004767,6
HW00007415,6
HW00006887,6
HW00002866,6
HW00002821,6
HW00001890,6
HW00006034,6
HW00003125,6
HW00005065,6
HW00002849,6
HW00002861,6
HW00002995,6
HW00004029,6
HW00004611,6
HW00006271,6
HW00007043,6
HW00004314,6
HW00000037,6
HW00006642,6
HW00007339,6
HW00007219,6
HW00000598,6
HW00006124,6
HW00006329,6
HW00004127,6
HW00001626,6
HW00000028,6
HW00003226,6
HW00000257,6
HW00006936,6
HW00002763,6
HW00007742,6
HW00002318,6
HW00006717,6
HW00001428,6
HW00005964,6
HW00006903,6
HW00006425,6
HW00006704,6
HW00002027,6
HW00006581,6
HW00000938,6
HW00002232,6
HW00007845,6
HW00006938,6
HW00001385,6
HW00002929,6
HW00003922,6
HW00000552,6
HW00005808,6
HW00007720,6
HW00002541,6
HW00005633,6
HW00000829,6
HW00007045,6
HW00001646,6
HW00006022,6
HW00002817,6
HW00000998,6
HW00001844,6
HW00002119,6
HW00000318,6
HW00005457,6
HW00002955,6
HW00001172,6
HW00001457,6
HW00005950,6
HW00002563,6
HW00006353,6
HW00003845,6
HW00000123,6
HW00002157,6
HW00002944,6
HW00005550,6
HW00006288,6
HW00001060,6
HW00002927,6
HW00005578,6
HW00001535,6
HW00002373,6
HW00006031,6
HW00003538,6
HW00005648,6
HW00001686,6
HW00003523,6
HW00007359,6
HW00004572,6
HW00006155,6
HW00005901,6
HW00001814,6
HW00001058,6
HW00007272,6
HW00003785,6
HW00002326,6
HW00003733,6
HW00004108,6
HW00005048,6
HW00000693,6
HW00003965,6
HW00005279,6
HW00005216,6
HW00001554,6
HW00001751,6
HW00001767,6
HW00005225,6
HW00007504,6
HW00001656,6
HW00001614,6
HW00005984,6
HW00006931,6
HW00005484,6
HW00005060,6
HW00001729,6
HW00004571,6
HW00001753,6
HW00002978,6
HW00000671,6
HW00007551,6
HW00007330,6
HW00006993,6
HW00005346,6
HW00007325,6
HW00006132,6
HW00002750,6
HW00002467,6
HW00000799,6
HW00002185,6
HW00004903,6
HW00000369,6
HW00006543,6
HW00004122,6
HW00006177,6
HW00003072,6
HW00000608,6
HW00007747,6
HW00006364,6
HW00002574,6
HW00002304,6
HW00004475,6
HW00003502,6
HW00001908,6
HW00000199,6
HW00001499,6
HW00000413,6
HW00002884,6
HW00004517,6
HW00004819,6
HW00004787,6
HW00002575,6
HW00002860,6
HW00004770,6
HW00006778,6
HW00000613,6
HW00007192,6
HW00006317,6
HW00004277,6
HW00001529,6
HW00005801,6
HW00007319,6
HW00006202,6
HW00000324,6
HW00006927,6
HW00002383,6
HW00004090,6
HW00001165,6
HW00006584,6
HW00007856,6
HW00000989,6
HW00007110,6
HW00003181,6
HW00006539,6
HW00000393,6
HW00000379,6
HW00004460,6
HW00006809,6
HW00005485,6
HW00006445,6
HW00006273,6
HW00005531,6
HW00000228,6
HW00001903,6
HW00000550,6
HW00006424,6
HW00004203,6
HW00003004,6
HW00000755,6
HW00006900,6
HW00004442,6
HW00002740,6
HW00004601,6
HW00004103,6
HW00005266,6
HW00002137,6
HW00000207,6
HW00004623,6
HW00006270,6
HW00001410,6
HW00007197,6
HW00007157,6
HW00003562,6
HW00001896,6
HW00001569,6
HW00004635,6
HW00006325,6
HW00005698,6
HW00005948,6
HW00004861,6
HW00007117,6
HW00003777,6
HW00002562,6
HW00006944,6
HW00007685,6
HW00004951,6
HW00007423,6
HW00007071,6
HW00007755,6
HW00007511,6
HW00005125,6
HW00005710,6
HW00003934,6
HW00004280,6
HW00001371,6
HW00005589,6
HW00005115,6
HW00007237,6
HW00006108,6
HW00006456,6
HW00002626,6
HW00004286,6
HW00001051,6
HW00005342,6
HW00000498,6
HW00007105,6
HW00000745,6
HW00003950,6
HW00003678,6
HW00005061,6
HW00002007,6
HW00005898,6
HW00000604,6
HW00002036,6
HW00001372,6
HW00005976,6
HW00005657,6
HW00003910,6
HW00004194,6
HW00004315,6
HW00006448,6
HW00003359,6
HW00001182,6
HW00006871,6
HW00005195,6
HW00001801,6
HW00007525,6
HW00004222,6
HW00003627,6
HW00007326,6
HW00001519,6
HW00001191,6
HW00006928,6
HW00000459,6
HW00002216,6
HW00002952,6
HW00003344,6
HW00000195,6
HW00000731,6
HW00007447,6
HW00003887,6
HW00005454,6
HW00004794,6
HW00000378,6
HW00001773,6
HW00003170,6
HW00000007,6
HW00000012,6
HW00007081,6
HW00004469,6
HW00003549,6
HW00006660,6
HW00003060,6
HW00007372,6
HW00005780,6
HW00001677,6
HW00001571,6
HW00002416,6
HW00003714,6
HW00006821,6
HW00006180,6
HW00004291,6
HW00007235,6
HW00001947,6
HW00001631,6
HW00003598,6
HW00001552,6
HW00006189,6
HW00002627,6
HW00000961,6
HW00000178,6
HW00001815,6
HW00002284,6
HW00001870,6
HW00006567,6
HW00004274,6
HW00007176,6
HW00001221,6
HW00000202,6
HW00005856,6
HW00005509,6
HW00002547,6
HW00006626,6
HW00003049,6
HW00004457,6
HW00001043,6
HW00001851,6
HW00004862,6
HW00000418,6
HW00003139,6
HW00005781,6
HW00005345,6
HW00005343,6
HW00000646,6
HW00002453,6
HW00006499,6
HW00000406,6
HW00005705,6
HW00006711,6
HW00006857,6
HW00004169,6
HW00006926,6
HW00001776,6
HW00004968,6
HW00004254,6
HW00001886,6
HW00003672,6
HW00007335,6
HW00006324,6
HW00005723,6
HW00006184,6
HW00002425,6
HW00000610,6
HW00006426,6
HW00003195,6
HW00007791,6
HW00006380,6
HW00000858,6
HW00007829,6
HW00001305,6
HW00005369,6
HW00002361,6
HW00001645,6
HW00001088,6
HW00000144,6
HW00007172,6
HW00000060,6
HW00007712,6
HW00004556,6
HW00000684,6
HW00001442,6
HW00000951,6
HW00000059,6
HW00000722,6
HW00007704,6
HW00005406,6
HW00007771,6
HW00000926,6
HW00000617,6
HW00001321,6
HW00003771,6
HW00006327,6
HW00006209,6
HW00004269,6
HW00004798,6
HW00003929,6
HW00002965,6
HW00004390,6
HW00007229,6
HW00005926,6
HW00005718,6
HW00006937,6
HW00002033,6
HW00001044,6
HW00002407,6
HW00001923,6
HW00001676,6
HW00005709,6
HW00003492,6
HW00003328,6
HW00001190,6
HW00001941,6
HW00006963,6
HW00002263,6
HW00000547,6
HW00004570,6
HW00000265,6
HW00000394,6
HW00000822,6
HW00000285,6
HW00004305,6
HW00007287,6
HW00006372,6
HW00003154,6
HW00004523,6
HW00005038,6
HW00003167,6
HW00005309,6
HW00004104,6
HW00000940,6
HW00001155,6
HW00007026,6
HW00001966,6
HW00006492,6
HW00007333,6
HW00001404,6
HW00007614,6
HW00006982,6
HW00004019,6
HW00001993,6
HW00001780,6
HW00003046,6
HW00001222,6
HW00006460,6
HW00005656,6
HW00003682,6
HW00004647,6
HW00003693,6
HW00006306,6
HW00007855,6
HW00006412,6
HW00006097,6
HW00004187,6
HW00000839,6
HW00005006,6
HW00000340,6
HW00004931,6
HW00005284,6
HW00001015,6
HW00002008,6
HW00001576,6
HW00002748,6
HW00005817,6
HW00005355,6
HW00004418,6
HW00003362,6
HW00000161,6
HW00002272,6
HW00001330,6
HW00007476,6
HW00002506,6
HW00000031,6
HW00006240,6
HW00002168,6
HW00004743,6
HW00001390,6
HW00003692,6
HW00003479,6
HW00002930,6
HW00005849,6
HW00004349,6
HW00003001,6
HW00004584,6
HW00007267,6
HW00006004,6
HW00004399,6
HW00001747,6
HW00000099,6
HW00006506,6
HW00006471,6
HW00004301,6
HW00001078,6
HW00002221,6
HW00003983,6
HW00006065,6
HW00004110,6
HW00001202,6
HW00004379,6
HW00002446,6
HW00002006,6
HW00004346,6
HW00007825,6
HW00003619,6
HW00003605,6
HW00000080,6
HW00005098,6
HW00001893,6
HW00001420,6
HW00006511,6
HW00001320,6
HW00005306,6
HW00001834,6
HW00003446,6
HW00003044,6
HW00000096,6
HW00002493,6
HW00007698,6
HW00002463,6
HW00006490,6
HW00004284,6
HW00002691,6
HW00004073,6
HW00000370,6
HW00003928,6
HW00000476,6
HW00001470,6
HW00001579,6
HW00001899,6
HW00001594,6
HW00001963,6
HW00001291,6
HW00001264,6
HW00004904,6
HW00006143,6
HW00002767,6
HW00003283,6
HW00006912,6
HW00000910,6
HW00006966,6
HW00006153,6
HW00000746,6
HW00004405,6
HW00007014,6
HW00002024,6
HW00007041,6
HW00001811,6
HW00002370,6
HW00007506,6
HW00002692,6
HW00007149,6
HW00005774,6
HW00000483,6
HW00001238,6
HW00001561,6
HW00001479,6
HW00001658,6
HW00004727,6
HW00004173,6
HW00003480,6
HW00006892,6
HW00004839,6
HW00000517,6
HW00002348,6
HW00002013,6
HW00001503,6
HW00006633,6
HW00003649,6
HW00004008,6
HW00002423,6
HW00002715,6
HW00003926,6
HW00006945,6
HW00002889,6
HW00003689,6
HW00002207,6
HW00003189,6
HW00007846,6
HW00005961,6
HW00000232,6
HW00007785,6
HW00004852,6
HW00000412,6
HW00005992,6
HW00003743,6
HW00000757,6
HW00006652,6
HW00003614,6
HW00004410,6
HW00000845,6
HW00000100,6
HW00003853,6
HW00002868,6
HW00004477,6
HW00002205,6
HW00003010,6
HW00000220,6
HW00005878,6
HW00004772,6
HW00005270,6
HW00004832,6
HW00007706,6
HW00001586,6
HW00001098,6
HW00000203,6
HW00003832,6
HW00006495,6
HW00000902,6
HW00005477,6
HW00006114,6
HW00003907,6
HW00002022,6
HW00001828,6
HW00006459,6
HW00002731,6
HW00006070,0
HW00001247,0
HW00003312,0
HW00004758,0
HW00004327,0
HW00007907,0
HW00000385,0
HW00003690,0
HW00006734,0
HW00001637,0
HW00002677,0
HW00001699,0
HW00004179,0
HW00007807,0
HW00001590,0
HW00001140,0
HW00004941,0
HW00006437,0
HW00001106,0
HW00004912,0
HW00006286,0
HW00004080,0
HW00006024,0
HW00000135,0
HW00006079,0
HW00004689,0
HW00001167,0
HW00005101,0
HW00005180,0
HW00003497,0
HW00000437,0
HW00000884,0
HW00006613,0
HW00007745,0
HW00003165,0
HW00004789,0
HW00002172,0
HW00007346,0
HW00000796,0
HW00004757,0
HW00004632,0
HW00004498,0
HW00005023,0
HW00006481,0
HW00001856,0
HW00006058,0
HW00004006,0
HW00007655,0
HW00001415,0
HW00007091,0
HW00000008,0
HW00007838,0
HW00004753,0
HW00004455,0
HW00000970,0
HW00004483,0
HW00001288,0
HW00004429,0
HW00000795,0
HW00001426,0
HW00007011,0
HW00006243,0
HW00001902,0
HW00007519,0
HW00004594,0
HW00007185,0
HW00000741,0
HW00001073,0
HW00001468,0
HW00001560,0
HW00007822,0
HW00003931,0
HW00007727,0
HW00003124,0
HW00003108,0
HW00005340,0
HW00006655,0
HW00002757,0
HW00005068,0
HW00003604,0
HW00004806,0
HW00002830,0
HW00003114,0
HW00007388,0
HW00002975,0
HW00007262,0
HW00002068,0
HW00003660,0
HW00006098,0
HW00003104,0
HW00005740,0
HW00003262,0
HW00003456,0
HW00000414,0
HW00003414,0
HW00001384,0
HW00000919,0
HW00004801,0
HW00006047,0
HW00000515,0
HW00000705,0
HW00005753,0
HW00007127,0
HW00000349,0
HW00004023,0
HW00001568,0
HW00002510,0
HW00005905,0
HW00000442,0
HW00005737,0
HW00003707,0
HW00003995,0
HW00006793,0
HW00006256,0
HW00004604,0
HW00000353,0
HW00004628,0
HW00001224,0
HW00001652,0
HW00001982,0
HW00002699,0
HW00007207,0
HW00001715,0
HW00007119,0
HW00006308,0
HW00005070,0
HW00007225,0
HW00003052,0
HW00003453,0
HW00005071,0
HW00007132,0
HW00000193,0
HW00006602,0
HW00004834,0
HW00003422,0
HW00001812,0
HW00006748,0
HW00006402,0
HW00003012,0
HW00001425,0
HW00003352,0
HW00000287,0
HW00004682,0
HW00003542,0
HW00004998,0
HW00003810,0
HW00004144,0
HW00005154,0
HW00004001,0
HW00005243,0
HW00004702,0
HW00002220,0
HW00000045,0
HW00002317,0
HW00004761,0
HW00007661,0
HW00001942,0
HW00000254,0
HW00005153,0
HW00004684,0
HW00001898,0
HW00006726,0
HW00002145,0
HW00006955,0
HW00005967,0
HW00006187,0
HW00000899,0
HW00002580,0
HW00000917,0
HW00000026,0
HW00005938,0
HW00005732,0
HW00007022,0
HW00002761,0
HW00002291,0
HW00006631,0
HW00000005,0
HW00005874,0
HW00007684,0
HW00000246,0
HW00003341,0
HW00003553,0
HW00006039,0
HW00001379,0
HW00004864,0
HW00001295,0
HW00007882,0
HW00006666,0
HW00004989,0
HW00004526,0
HW00007624,0
HW00005756,0
HW00007594,0
HW00000428,0
HW00007568,0
HW00007664,0
HW00006575,0
HW00001653,0
HW00004199,0
HW00003476,0
HW00006191,0
HW00002858,0
HW00003459,0
HW00006700,0
HW00006401,0
HW00000401,0
HW00005391,0
HW00007463,0
HW00004186,0
HW00003499,0
HW00001025,0
HW00001169,0
HW00002350,0
HW00003617,0
HW00005581,0
HW00005750,0
HW00006546,0
HW00000196,0
HW00002047,0
HW00005584,0
HW00000867,0
HW00001451,0
HW00006465,0
HW00004730,0
HW00006739,0
HW00006805,0
HW00004436,0
HW00006800,0
HW00001297,0
HW00000427,0
HW00003527,0
HW00006450,0
HW00005318,0
HW00004780,0
HW00002427,0
HW00002126,0
HW00004084,0
HW00006376,0
HW00006792,0
HW00007913,0
HW00006002,0
HW00000737,0
HW00004190,0
HW00002907,0
HW00001327,0
HW00000072,0
HW00006864,0
HW00007354,0
HW00003411,0
HW00007079,0
HW00006134,0
HW00000502,0
HW00003385,0
HW00005211,0
HW00005876,0
HW00001884,0
HW00002886,0
HW00002052,0
HW00005291,0
HW00001296,0
HW00007600,0
HW00005218,0
HW00002390,0
HW00003602,0
HW00002903,0
HW00007597,0
HW00005158,0
HW00000977,0
HW00005349,0
HW00000396,0
HW00000271,0
HW00007925,0
HW00002371,0
HW00006994,0
HW00005755,0
HW00002737,0
HW00004600,0
HW00001211,0
HW00001020,0
HW00005004,0
HW00002354,0
HW00001868,0
HW00001541,0
HW00002125,0
HW00003343,0
HW00006534,0
HW00004184,0
HW00005809,0
HW00007880,0
HW00002901,0
HW00002840,0
HW00000128,0
HW00000760,0
HW00006808,0
HW00005435,0
HW00002646,0
HW00005285,0
HW00000564,0
HW00007900,0
HW00000898,0
HW00003158,0
HW00003241,0
HW00005151,0
HW00007018,0
HW00000819,0
HW00004272,0
HW00006197,0
HW00004279,0
HW00006559,0
HW00004574,0
HW00007173,0
HW00000047,0
HW00002990,0
HW00000423,0
HW00002571,0
HW00005556,0
HW00004662,0
HW00000999,0
HW00002594,0
HW00003467,0
HW00003515,0
HW00004510,0
HW00005638,0
HW00005446,0
HW00006885,0
HW00001573,0
HW00003720,0
HW00000978,0
HW00004568,0
HW00005544,0
HW00001716,0
HW00004168,0
HW00000649,0
HW00005290,0
HW00001769,0
HW00005529,0
HW00007530,0
HW00003035,0
HW00006585,0
HW00001843,0
HW00006015,0
HW00004249,0
HW00000890,0
HW00000342,0
HW00004333,0
HW00001514,0
HW00003156,0
HW00007782,0
HW00003576,0
HW00007190,0
HW00000984,0
HW00002864,0
HW00002091,0
HW00003871,0
HW00004326,0
HW00001370,0
HW00002705,0
HW00001072,0
HW00000424,0
HW00007373,0
HW00000210,0
HW00004716,0
HW00002118,0
HW00000457,0
HW00000545,0
HW00004239,0
HW00007697,0
HW00002454,0
HW00003961,0
HW00005299,0
HW00005242,0
HW00003609,0
HW00000695,0
HW00006064,0
HW00003724,0
HW00007899,0
HW00007102,0
HW00002788,0
HW00006820,0
HW00000559,0
HW00001522,0
HW00004851,0
HW00004330,0
HW00007914,0
HW00001322,0
HW00005045,0
HW00000720,0
HW00003522,0
HW00001017,0
HW00002813,0
HW00005054,0
HW00006939,0
HW00006921,0
HW00003766,0
HW00007613,0
HW00005939,0
HW00002707,0
HW00001754,0
HW00007355,0
HW00001796,0
HW00006610,0
HW00001965,0
HW00001764,0
HW00006789,0
HW00000568,0
HW00006684,0
HW00005831,0
HW00001599,0
HW00005537,0
HW00001962,0
HW00000848,0
HW00001914,0
HW00005136,0
HW00001700,0
HW00003507,0
HW00006503,0
HW00000922,0
HW00000656,0
HW00002726,0
HW00005132,0
HW00001935,0
HW00002872,0
HW00003395,0
HW00002762,0
HW00006264,0
HW00006658,0
HW00005806,0
HW00001551,0
HW00001095,0
HW00001456,0
HW00004745,0
HW00003381,0
HW00001310,0
HW00005883,0
HW00000262,0
HW00006595,0
HW00004491,0
HW00000127,0
HW00002395,0
HW00000451,0
HW00004934,0
HW00003763,0
HW00007296,0
HW00002613,0
HW00005764,0
HW00000985,0
HW00006560,0
HW00005730,0
HW00003197,0
HW00001865,0
HW00004966,0
HW00004049,0
HW00003356,0
HW00005382,0
HW00001835,0
HW00002765,0
HW00003750,0
HW00004130,0
HW00000064,0
HW00005792,0
HW00001392,0
HW00001523,0
HW00002501,0
HW00002976,0
HW00002084,0
HW00005005,0
HW00001915,0
HW00004740,0
HW00001708,0
HW00005423,0
HW00002880,0
HW00000293,0
HW00007460,0
HW00000562,0
HW00002775,0
HW00005397,0
HW00003717,0
HW00000237,0
HW00003219,0
HW00002358,0
HW00000976,0
HW00007390,0
HW00004400,0
HW00001912,0
HW00002401,0
HW00005502,0
HW00007412,0
HW00005478,0
HW00004788,0
HW00001256,0
HW00006107,0
HW00002286,0
HW00002797,0
HW00006847,0
HW00001223,0
HW00005171,0
HW00001951,0
HW00002622,0
HW00007164,0
HW00004319,0
HW00004444,0
HW00007270,0
HW00002895,0
HW00001353,0
HW00002614,0
HW00003230,0
HW00001022,0
HW00007487,0
HW00001807,0
HW00000964,0
HW00000747,0
HW00006255,0
HW00004431,0
HW00000242,0
HW00006033,0
HW00002461,0
HW00004795,0
HW00000062,0
HW00007719,0
HW00000189,0
HW00003037,0
HW00002362,0
HW00002073,0
HW00006129,0
HW00000248,0
HW00001207,0
HW00000076,0
HW00003870,0
HW00003474,0
HW00002997,0
HW00001574,0
HW00003347,0
HW00000136,0
HW00000744,0
HW00006834,0
HW00003486,0
HW00005760,0
HW00007690,0
HW00004092,0
HW00006231,0
HW00005999,0
HW00006392,0
HW00007023,0
HW00004869,0
HW00002700,0
HW00006246,0
HW00002792,0
HW00002716,0
HW00000778,0
HW00000093,0
HW00004656,0
HW00002476,0
HW00004990,0
HW00006367,0
HW00005028,0
HW00002557,0
HW00000323,0
HW00002367,0
HW00004354,0
HW00004300,0
HW00004233,0
HW00005172,0
HW00007678,0
HW00004044,0
HW00002103,0
HW00000856,0
HW00000708,0
HW00005729,0
HW00005089,0
HW00006452,0
HW00006528,0
HW00001496,0
HW00006537,0
HW00003501,0
HW00001170,0
HW00007251,0
HW00000966,0
HW00005575,0
HW00007512,0
HW00004536,0
HW00002568,0
HW00005742,0
HW00005301,0
HW00004676,0
HW00004671,0
HW00004129,0
HW00004605,0
HW00002138,0
HW00005378,0
HW00003250,0
HW00006235,0
HW00001450,0
HW00000959,0
HW00001763,0
HW00004710,0
HW00005215,0
HW00004674,0
HW00006067,0
HW00002364,0
HW00001629,0
HW00004840,0
HW00001804,1
HW00007639,1
HW00006199,1
HW00003550,1
HW00002101,1
HW00002293,1
HW00005612,1
HW00004508,1
HW00006681,1
HW00001251,1
HW00003889,1
HW00005303,1
HW00005187,1
HW00006611,1
HW00002104,1
HW00007666,1
HW00001593,1
HW00005033,1
HW00000009,1
HW00003840,1
HW00002783,1
HW00002998,1
HW00004736,1
HW00002674,1
HW00003109,1
HW00007221,1
HW00001254,1
HW00005490,1
HW00001521,1
HW00001250,1
HW00000200,1
HW00005238,1
HW00002819,1
HW00007122,1
HW00001819,1
HW00005198,1
HW00006785,1
HW00007440,1
HW00000381,1
HW00003945,1
HW00001627,1
HW00005152,1
HW00001832,1
HW00004882,1
HW00001810,1
HW00004961,1
HW00005814,1
HW00001949,1
HW00001518,1
HW00007481,1
HW00004614,1
HW00000521,1
HW00005307,1
HW00007429,1
HW00005564,1
HW00007293,1
HW00006332,1
HW00001282,1
HW00001019,1
HW00002270,1
HW00005292,1
HW00002405,1
HW00004694,1
HW00006161,1
HW00006284,1
HW00004389,1
HW00005854,1
HW00007679,1
HW00004372,1
HW00000131,1
HW00002736,1
HW00005987,1
HW00006111,1
HW00001508,1
HW00001790,1
HW00007417,1
HW00003261,1
HW00001711,1
HW00001319,1
HW00001117,1
HW00001076,1
HW00007062,1
HW00007340,1
HW00001516,1
HW00002492,1
HW00007879,1
HW00002585,1
HW00004719,1
HW00002391,1
HW00003858,1
HW00000665,1
HW00003310,1
HW00007623,1
HW00000222,1
HW00006757,1
HW00005669,1
HW00002265,1
HW00000301,1
HW00003142,1
HW00007939,1
HW00005908,1
HW00003513,1
HW00003517,1
HW00006175,1
HW00003330,1
HW00007356,1
HW00001876,1
HW00005207,1
HW00005283,1
HW00007350,1
HW00002479,1
HW00001504,1
HW00001411,1
HW00005645,1
HW00003469,1
HW00003854,1
HW00005887,1
HW00000514,1
HW00003409,1
HW00003788,1
HW00002060,1
HW00005308,1
HW00005600,1
HW00007502,1
HW00007052,1
HW00005713,1
HW00007517,1
HW00006295,1
HW00005546,1
HW00003300,1
HW00002105,1
HW00004984,1
HW00003077,1
HW00005166,1
HW00003249,1
HW00000862,1
HW00007686,1
HW00005599,1
HW00002616,1
HW00004524,1
HW00001064,1
HW00005540,1
HW00003368,1
HW00004933,1
HW00005980,1
HW00006799,1
HW00005504,1
HW00004134,1
HW00003448,1
HW00002056,1
HW00002211,1
HW00007271,1
HW00000642,1
HW00007233,1
HW00001413,1
HW00006861,1
HW00005728,1
HW00003392,1
HW00005654,1
HW00004978,1
HW00001490,1
HW00002607,1
HW00005104,1
HW00001068,1
HW00007578,1
HW00005823,1
HW00005819,1
HW00006531,1
HW00001229,1
HW00001210,1
HW00001512,1
HW00004897,1
HW00002387,1
HW00005797,1
HW00000874,1
HW00000102,1
HW00002926,1
HW00002947,1
HW00006119,1
HW00000544,1
HW00007266,1
HW00001153,1
HW00001287,1
HW00001950,1
HW00002663,1
HW00001361,1
HW00001906,1
HW00003844,1
HW00001052,1
HW00004413,1
HW00000523,1
HW00003595,1
HW00007830,1
HW00001158,1
HW00005636,1
HW00000928,1
HW00001002,1
HW00001713,1
HW00003987,1
HW00002300,1
HW00000994,1
HW00006117,1
HW00007606,1
HW00000350,1
HW00004512,1
HW00002017,1
HW00007136,1
HW00006925,1
HW00003286,1
HW00002064,1
HW00007537,1
HW00001050,1
HW00005311,1
HW00000467,1
HW00004081,1
HW00004729,1
HW00001045,1
HW00002072,1
HW00002720,1
HW00006468,1
HW00003759,1
HW00002209,1
HW00002525,1
HW00002117,1
HW00000589,1
HW00006819,1
HW00006276,1
HW00001497,1
HW00007729,1
HW00006302,1
HW00004036,1
HW00000863,1
HW00004099,1
HW00007867,1
HW00003257,1
HW00007573,1
HW00002911,1
HW00005114,1
HW00002190,1
HW00004034,1
HW00003174,1
HW00004800,1
HW00006758,1
HW00005772,1
HW00000182,1
HW00000872,1
HW00004809,1
HW00001217,1
HW00001501,1
HW00001526,1
HW00000824,1
HW00001684,1
HW00002638,1
HW00007493,1
HW00005653,1
HW00006350,1
HW00003537,1
HW00007595,1
HW00002140,1
HW00003183,1
HW00000638,1
HW00004360,1
HW00006826,1
HW00002158,1
HW00006166,1
HW00006555,1
HW00000179,1
HW00004422,1
HW00005640,1
HW00005649,1
HW00003285,1
HW00005551,1
HW00003861,1
HW00001905,1
HW00003391,1
HW00000584,1
HW00005790,1
HW00003927,1
HW00002752,1
HW00004437,1
HW00007859,1
HW00000068,1
HW00005688,1
HW00000798,1
HW00002135,1
HW00001572,1
HW00002774,1
HW00002681,1
HW00000122,1
HW00001740,1
HW00003421,1
HW00003838,1
HW00001990,1
HW00003651,1
HW00004040,1
HW00006995,1
HW00004627,1
HW00001817,1
HW00000364,1
HW00002412,1
HW00002986,1
HW00000229,1
HW00000145,1
HW00001349,1
HW00001530,1
HW00006888,1
HW00000252,1
HW00001376,1
HW00003084,1
HW00003914,1
HW00007065,1
HW00006204,1
HW00005996,1
HW00003481,1
HW00005963,1
HW00006374,1
HW00005277,1
HW00006712,1
HW00004557,1
HW00005274,1
HW00001517,1
HW00003491,1
HW00000275,1
HW00002436,1
HW00001400,1
HW00003048,1
HW00003306,1
HW00005918,1
HW00006311,1
HW00003641,1
HW00001143,1
HW00005451,1
HW00000774,1
HW00007398,1
HW00004598,1
HW00004887,1
HW00005113,1
HW00006850,1
HW00002862,1
HW00003808,1
HW00005952,1
HW00007435,1
HW00005373,1
HW00006433,1
HW00006640,1
HW00001682,1
HW00001284,1
HW00004426,1
HW00003281,1
HW00002321,1
HW00007603,1
HW00001080,1
HW00001280,1
HW00001621,1
HW00003348,1
HW00006924,1
HW00000694,1
HW00000372,1
HW00003623,1
HW00006444,1
HW00003243,1
HW00006588,1
HW00000868,1
HW00005935,1
HW00002010,1
HW00000152,1
HW00002551,1
HW00005530,1
HW00001104,1
HW00000487,1
HW00002271,1
HW00000269,1
HW00007740,1
HW00002577,1
HW00002224,1
HW00004841,1
HW00001601,1
HW00006914,1
HW00004906,1
HW00006730,1
HW00007462,1
HW00005425,1
HW00004062,1
HW00001246,1
HW00004107,1
HW00000399,1
HW00004188,1
HW00003377,1
HW00007577,1
HW00006348,1
HW00007861,1
HW00007329,1
HW00007278,1
HW00002633,1
HW00003591,1
HW00000509,1
HW00006147,1
HW00002608,1
HW00004981,1
HW00006239,1
HW00004858,1
HW00005921,1
HW00007477,1
HW00005685,1
HW00005209,1
HW00002630,1
HW00003437,1
HW00003819,1
HW00001494,1
HW00000366,1
HW00000082,1
HW00003519,1
HW00003612,1
HW00005353,1
HW00004561,1
HW00000753,1
HW00004615,1
HW00006104,1
HW00005286,1
HW00004603,1
HW00006698,1
HW00002684,1
HW00005543,1
HW00005203,1
HW00007610,1
HW00002186,1
HW00000485,1
HW00005247,1
HW00000380,1
HW00006578,1
HW00003430,1
HW00005199,1
HW00000888,1
HW00007657,1
HW00006874,1
HW00003443,1
HW00005011,1
HW00003644,1
HW00007253,1
HW00001725,1
HW00005596,1
HW00006607,1
HW00000445,1
HW00005912,1
HW00000861,1
HW00002618,1
HW00006112,1
HW00007871,1
HW00000044,1
HW00003587,1
HW00006331,1
HW00002309,1
HW00005344,1
HW00003662,1
HW00004563,1
HW00000234,1
HW00006297,1
HW00001510,1
HW00006796,1
HW00002914,1
HW00005714,1
HW00004778,1
HW00003790,1
HW00000141,1
HW00002546,1
HW00004859,1
HW00003145,1
HW00003094,1
HW00001545,1
HW00005134,1
HW00005741,1
HW00003236,1
HW00005830,1
HW00002959,1
HW00007106,1
HW00007887,1
HW00005086,1
HW00003582,1
HW00001360,1
HW00003748,1
HW00003371,1
HW00004849,1
HW00004734,1
HW00007181,1
HW00007252,1
HW00000772,1
HW00004748,1
HW00006238,1
HW00003367,1
HW00004145,1
HW00003725,1
HW00003941,1
HW00004482,1
HW00007457,1
HW00003708,1
HW00002522,1
HW00004268,1
HW00007126,1
HW00007753,1
HW00000137,1
HW00000775,1
HW00007693,1
HW00007485,1
HW00000625,1
HW00006950,1
HW00006917,1
HW00006268,1
HW00001783,1
HW00001719,1
HW00000830,1
HW00007154,1
HW00001707,1
HW00006363,1
HW00004649,1
HW00002528,1
HW00007408,1
HW00004205,1
HW00002793,1
HW00004659,1
HW00001304,1
HW00001995,1
HW00003292,1
HW00001760,1
HW00002769,1
HW00005821,1
HW00007016,1
HW00007544,1
HW00005522,1
HW00004629,1
HW00002037,1
HW00005884,1
HW00006674,1
HW00004176,1
HW00002174,1
HW00003472,1
HW00007612,1
HW00001550,1
HW00001957,1
HW00006824,1
HW00000149,1
HW00006832,1
HW00004988,1
HW00002194,1
HW00000840,1
HW00002785,1
HW00001567,1
HW00005720,1
HW00005828,1
HW00006038,1
HW00005424,1
HW00006609,1
HW00004350,1
HW00007909,1
HW00002570,1
HW00004485,1
HW00006066,1
HW00004116,1
HW00007540,1
HW00007020,1
HW00004965,1
HW00006224,1
HW00001491,1
HW00003137,1
HW00005778,1
HW00007514,1
HW00002782,1
HW00001830,1
HW00000469,1
HW00006696,1
HW00003441,1
HW00000276,1
HW00006772,1
HW00006815,1
HW00001317,1
HW00005511,1
HW00007328,1
HW00002310,1
HW00006110,1
HW00006011,1
HW00002100,1
HW00000831,1
HW00000043,1
HW00006321,1
HW00004109,1
HW00001952,1
HW00004024,1
HW00002239,1
HW00003402,1
HW00002621,1
HW00002169,1
HW00004755,1
HW00004602,1
HW00006063,1
HW00006025,1
HW00000689,1
HW00007069,1
HW00000362,1
HW00000758,1
HW00003829,1
HW00004746,1
HW00000011,1
HW00005822,4
HW00002353,4
HW00005358,4
HW00003435,4
HW00003674,4
HW00002768,4
HW00005631,4
HW00001644,4
HW00006536,4
HW00003745,4
HW00004870,4
HW00002121,4
HW00007824,4
HW00001570,4
HW00005460,4
HW00001363,4
HW00002968,4
HW00000652,4
HW00005946,4
HW00005162,4
HW00003939,4
HW00007489,4
HW00007928,4
HW00004894,4
HW00007809,4
HW00000683,4
HW00007125,4
HW00004893,4
HW00006814,4
HW00004022,4
HW00001228,4
HW00002055,4
HW00000903,4
HW00007552,4
HW00001592,4
HW00004377,4
HW00000818,4
HW00001667,4
HW00005159,4
HW00007541,4
HW00003847,4
HW00004155,4
HW00006788,4
HW00006371,4
HW00006866,4
HW00004454,4
HW00003967,4
HW00005786,4
HW00007878,4
HW00005635,4
HW00001534,4
HW00005920,4
HW00001027,4
HW00003214,4
HW00000432,4
HW00006035,4
HW00006498,4
HW00005601,4
HW00007133,4
HW00007752,4
HW00004339,4
HW00001084,4
HW00003454,4
HW00003675,4
HW00001121,4
HW00000357,4
HW00003462,4
HW00001292,4
HW00007357,4
HW00000935,4
HW00004900,4
HW00006103,4
HW00003530,4
HW00006558,4
HW00005402,4
HW00006408,4
HW00001414,4
HW00002933,4
HW00001955,4
HW00006959,4
HW00003600,4
HW00001660,4
HW00003324,4
HW00006233,4
HW00002556,4
HW00001180,4
HW00006863,4
HW00007869,4
HW00006185,4
HW00005775,4
HW00004624,4
HW00004925,4
HW00003729,4
HW00001375,4
HW00006093,4
HW00000736,4
HW00003198,4
HW00005752,4
HW00007442,4
HW00006787,4
HW00000247,4
HW00001611,4
HW00005949,4
HW00002197,4
HW00002368,4
HW00007709,4
HW00005762,4
HW00002333,4
HW00002349,4
HW00001154,4
HW00003885,4
HW00007826,4
HW00007292,4
HW00006833,4
HW00003082,4
HW00001342,4
HW00006192,4
HW00003709,4
HW00006068,4
HW00003317,4
HW00000810,4
HW00000535,4
HW00002490,4
HW00004544,4
HW00000336,4
HW00002245,4
HW00004999,4
HW00000003,4
HW00007240,4
HW00002297,4
HW00003711,4
HW00002212,4
HW00004877,4
HW00004855,4
HW00004703,4
HW00002669,4
HW00004872,4
HW00005264,4
HW00000939,4
HW00001389,4
HW00001782,4
HW00007933,4
HW00007249,4
HW00003634,4
HW00005676,4
HW00007934,4
HW00007434,4
HW00005040,4
HW00002946,4
HW00003305,4
HW00000098,4
HW00002977,4
HW00003570,4
HW00001818,4
HW00004976,4
HW00006101,4
HW00000110,4
HW00004696,4
HW00003712,4
HW00001920,4
HW00005650,4
HW00006082,4
HW00005039,4
HW00004433,4
HW00007841,4
HW00002149,4
HW00001243,4
HW00007853,4
HW00007828,4
HW00006657,4
HW00003686,4
HW00004963,4
HW00001779,4
HW00007803,4
HW00000983,4
HW00007074,4
HW00004657,4
HW00002835,4
HW00004120,4
HW00005079,4
HW00005739,4
HW00001938,4
HW00003757,4
HW00000407,4
HW00006213,4
HW00002228,4
HW00004306,4
HW00005253,4
HW00004229,4
HW00006843,4
HW00005282,4
HW00002826,4
HW00000792,4
HW00000410,4
HW00003581,4
HW00003975,4
HW00007145,4
HW00006149,4
HW00003112,4
HW00005690,4
HW00005813,4
HW00004125,4
HW00006893,4
HW00005138,4
HW00007479,4
HW00005847,4
HW00005805,4
HW00000865,4
HW00006806,4
HW00004230,4
HW00005725,4
HW00003569,4
HW00006247,4
HW00007413,4
HW00003547,4
HW00001090,4
HW00004472,4
HW00007456,4
HW00006656,4
HW00000416,4
HW00002597,4
HW00003884,4
HW00002591,4
HW00003014,4
HW00007131,4
HW00004590,4
HW00001181,4
HW00002896,4
HW00004617,4
HW00001137,4
HW00006203,4
HW00004245,4
HW00002651,4
HW00003058,4
HW00001007,4
HW00007021,4
HW00003215,4
HW00007226,4
HW00000791,4
HW00003213,4
HW00005261,4
HW00005541,4
HW00006716,4
HW00005890,4
HW00002794,4
HW00006577,4
HW00003194,4
HW00007801,4
HW00007414,4
HW00007076,4
HW00005842,4
HW00004165,4
HW00004814,4
HW00002000,4
HW00005724,4
HW00007310,4
HW00007025,4
HW00005015,4
HW00003380,4
HW00002312,4
HW00004267,4
HW00000681,4
HW00004511,4
HW00000103,4
HW00000142,4
HW00004003,4
HW00006007,4
HW00001758,4
HW00005841,4
HW00007223,4
HW00006522,4
HW00005486,4
HW00001261,4
HW00007130,4
HW00006685,4
HW00007009,4
HW00003106,4
HW00005049,4
HW00006354,4
HW00004238,4
HW00004685,4
HW00006669,4
HW00003132,4
HW00007683,4
HW00000389,4
HW00002940,4
HW00002028,4
HW00000571,4
HW00004328,4
HW00001416,4
HW00002905,4
HW00002987,4
HW00006807,4
HW00002583,4
HW00007064,4
HW00004683,4
HW00007576,4
HW00001186,4
HW00006615,4
HW00004407,4
HW00002061,4
HW00000692,4
HW00006377,4
HW00006722,4
HW00002081,4
HW00007255,4
HW00004074,4
HW00007851,4
HW00002360,4
HW00001806,4
HW00001035,4
HW00007840,4
HW00000166,4
HW00004514,4
HW00002586,4
HW00002654,4
HW00003979,4
HW00002384,4
HW00003384,4
HW00005846,4
HW00001675,4
HW00007663,4
HW00005036,4
HW00006252,4
HW00003212,4
HW00007762,4
HW00000354,4
HW00003495,4
HW00001041,4
HW00004540,4
HW00005618,4
HW00004837,4
HW00006786,4
HW00001866,4
HW00004868,4
HW00007726,4
HW00003642,4
HW00001445,4
HW00000092,4
HW00000654,4
HW00004098,4
HW00005124,4
HW00000020,4
HW00004193,4
HW00007940,4
HW00002520,4
HW00007276,4
HW00003816,4
HW00006014,4
HW00004232,4
HW00001622,4
HW00005610,4
HW00006720,4
HW00004142,4
HW00005493,4
HW00001706,4
HW00007665,4
HW00005386,4
HW00005577,4
HW00003986,4
HW00004681,4
HW00007258,4
HW00003333,4
HW00000554,4
HW00004558,4
HW00006958,4
HW00005637,4
HW00001309,4
HW00000960,4
HW00001685,4
HW00005815,4
HW00004052,4
HW00002262,4
HW00002045,4
HW00001575,4
HW00007160,4
HW00001970,4
HW00006675,4
HW00003518,4
HW00003274,4
HW00004072,4
HW00004450,4
HW00001449,4
HW00005075,4
HW00005608,4
HW00001387,4
HW00004258,4
HW00003687,4
HW00006943,4
HW00007135,4
HW00007387,4
HW00004071,4
HW00004414,4
HW00002722,4
HW00007430,4
HW00003059,4
HW00003444,4
HW00003186,4
HW00002928,4
HW00000817,4
HW00004675,4
HW00001014,4
HW00000063,4
HW00004253,4
HW00006027,4
HW00004905,4
HW00001214,4
HW00001150,4
HW00001067,4
HW00006259,4
HW00006298,4
HW00000010,4
HW00005302,4
HW00004159,4
HW00004208,4
HW00004086,4
HW00003280,4
HW00003590,4
HW00003147,4
HW00000039,4
HW00007561,4
HW00006449,4
HW00000503,4
HW00002165,4
HW00007620,4
HW00006677,4
HW00004878,4
HW00000245,4
HW00004007,4
HW00005016,4
HW00000784,4
HW00001720,4
HW00004909,4
HW00001829,4
HW00002537,4
HW00002153,4
HW00003795,4
HW00005319,4
HW00005860,4
HW00006473,4
HW00006737,4
HW00000056,4
HW00003751,4
HW00000360,4
HW00003866,4
HW00001013,4
HW00006865,4
HW00007324,4
HW00006301,4
HW00003297,4
HW00003564,4
HW00002807,4
HW00006680,4
HW00001311,4
HW00001919,4
HW00005139,4
HW00004095,4
HW00000779,4
HW00005626,4
HW00003026,4
HW00000049,4
HW00003823,4
HW00007212,4
HW00006964,4
HW00002093,4
HW00004530,4
HW00001624,4
HW00006216,4
HW00006934,4
HW00006544,4
HW00002042,4
HW00000075,4
HW00003948,4
HW00007630,4
HW00000260,4
HW00002912,4
HW00006977,4
HW00003869,4
HW00006397,4
HW00005239,4
HW00000091,4
HW00007735,4
HW00001752,4
HW00004228,4
HW00005350,4
HW00003062,4
HW00000266,4
HW00007289,4
HW00003218,4
HW00002881,4
HW00004597,4
HW00003203,4
HW00000327,4
HW00004504,4
HW00005917,4
HW00000095,4
HW00005838,4
HW00002612,4
HW00001718,4
HW00006530,4
HW00003606,4
HW00001486,4
HW00006044,4
HW00005022,4
HW00002234,4
HW00005679,4
HW00001423,4
HW00001994,4
HW00002712,4
HW00006144,4
HW00002058,4
HW00007812,4
HW00006771,4
HW00006318,4
HW00004672,4
HW00000443,4
HW00003252,4
HW00001405,4
HW00004452,4
HW00004311,4
HW00000408,4
HW00006597,4
HW00001852,4
HW00002012,4
HW00003436,4
HW00001673,4
HW00001578,4
HW00007321,4
HW00006428,4
HW00002936,4
HW00005372,4
HW00002657,4
HW00005230,4
HW00002972,4
HW00001220,4
HW00004866,4
HW00002909,4
HW00001850,4
HW00007337,4
HW00006290,4
HW00000963,4
HW00001495,4
HW00006798,4
HW00001079,4
HW00005121,4
HW00002505,4
HW00003943,4
HW00006123,4
HW00004509,4
HW00005758,4
HW00003175,4
HW00004438,4
HW00002359,4
HW00000204,4
HW00001173,4
HW00002916,4
HW00006265,4
HW00007089,4
HW00003806,4
HW00004502,4
HW00005872,4
HW00005017,4
HW00003018,4
HW00006334,4
HW00000273,4
HW00005379,4
HW00007454,4
HW00003781,4
HW00007905,4
HW00004021,4
HW00006162,4
HW00007667,4
HW00002131,4
HW00003577,4
HW00004928,4
HW00004260,4
HW00001717,4
HW00004158,4
HW00007068,4
HW00005413,4
HW00005834,4
HW00005434,4
HW00000954,4
HW00003041,4
HW00007780,4
HW00000667,4
HW00005161,4
HW00001444,4
HW00004693,4
HW00001198,4
HW00007368,4
HW00007179,4
HW00003860,4
HW00007854,4
HW00000006,4
HW00001873,4
HW00003287,4
HW00000495,4
HW00007598,4
HW00007156,4
HW00001562,4
HW00001030,2
HW00002710,2
HW00000931,2
HW00000507,2
HW00007044,2
HW00007908,2
HW00002075,2
HW00004241,2
HW00000035,2
HW00000578,2
HW00001225,2
HW00006913,2
HW00004831,2
HW00004548,2
HW00006474,2
HW00007701,2
HW00000138,2
HW00007208,2
HW00007351,2
HW00006875,2
HW00002316,2
HW00003269,2
HW00006050,2
HW00003807,2
HW00004111,2
HW00005881,2
HW00001301,2
HW00003783,2
HW00002939,2
HW00000877,2
HW00007608,2
HW00007370,2
HW00001466,2
HW00007400,2
HW00005470,2
HW00006804,2
HW00002652,2
HW00003875,2
HW00002615,2
HW00003061,2
HW00003166,2
HW00007444,2
HW00005505,2
HW00002887,2
HW00004309,2
HW00002671,2
HW00006451,2
HW00007638,2
HW00007396,2
HW00004553,2
HW00002003,2
HW00000673,2
HW00007391,2
HW00002920,2
HW00006220,2
HW00000513,2
HW00001634,2
HW00003076,2
HW00004705,2
HW00006679,2
HW00005052,2
HW00000404,2
HW00000002,2
HW00000272,2
HW00006410,2
HW00004892,2
HW00002038,2
HW00004292,2
HW00006687,2
HW00000452,2
HW00000820,2
HW00000106,2
HW00007360,2
HW00004030,2
HW00001714,2
HW00001727,2
HW00004843,2
HW00007443,2
HW00000658,2
HW00001543,2
HW00000805,2
HW00006234,2
HW00005087,2
HW00000175,2
HW00001778,2
HW00006598,2
HW00007787,2
HW00003097,2
HW00003205,2
HW00001613,2
HW00005983,2
HW00005686,2
HW00003428,2
HW00006571,2
HW00002063,2
HW00007560,2
HW00006884,2
HW00005597,2
HW00001820,2
HW00004419,2
HW00007713,2
HW00002824,2
HW00002811,2
HW00004318,2
HW00000588,2
HW00004420,2
HW00000641,2
HW00006714,2
HW00007261,2
HW00003913,2
HW00006458,2
HW00002278,2
HW00007201,2
HW00003789,2
HW00000194,2
HW00005077,2
HW00002922,2
HW00004066,2
HW00001761,2
HW00002988,2
HW00007046,2
HW00006654,2
HW00006802,2
HW00007844,2
HW00000990,2
HW00007527,2
HW00004478,2
HW00000981,2
HW00003027,2
HW00004223,2
HW00001921,2
HW00000718,2
HW00000388,2
HW00007129,2
HW00007260,2
HW00006394,2
HW00004265,2
HW00000637,2
HW00001042,2
HW00005237,2
HW00001346,2
HW00005387,2
HW00005037,2
HW00006336,2
HW00004783,2
HW00004462,2
HW00004131,2
HW00003071,2
HW00004014,2
HW00004149,2
HW00002524,2
HW00004865,2
HW00004216,2
HW00002812,2
HW00001077,2
HW00007892,2
HW00002260,2
HW00003732,2
HW00000892,2
HW00004797,2
HW00007070,2
HW00006352,2
HW00002719,2
HW00003764,2
HW00004219,2
HW00002512,2
HW00001564,2
HW00005868,2
HW00001141,2
HW00006105,2
HW00002703,2
HW00006232,2
HW00007652,2
HW00000302,2
HW00005363,2
HW00007730,2
HW00000376,2
HW00003968,2
HW00005320,2
HW00002469,2
HW00002281,2
HW00007478,2
HW00000893,2
HW00003526,2
HW00001855,2
HW00004396,2
HW00005229,2
HW00006020,2
HW00000296,2
HW00007591,2
HW00004664,2
HW00006099,2
HW00007123,2
HW00001412,2
HW00004461,2
HW00003259,2
HW00005200,2
HW00005439,2
HW00000947,2
HW00005497,2
HW00007590,2
HW00003624,2
HW00002431,2
HW00006870,2
HW00001585,2
HW00004411,2
HW00002048,2
HW00005095,2
HW00001303,2
HW00003877,2
HW00001071,2
HW00002961,2
HW00002268,2
HW00000420,2
HW00007864,2
HW00003863,2
HW00002016,2
HW00007383,2
HW00001469,2
HW00004723,2
HW00002325,2
HW00004323,2
HW00002755,2
HW00000426,2
HW00001126,2
HW00005896,2
HW00000943,2
HW00000148,2
HW00003752,2
HW00003849,2
HW00007088,2
HW00007336,2
HW00002238,2
HW00003161,2
HW00004375,2
HW00006029,2
HW00002329,2
HW00007566,2
HW00007004,2
HW00007937,2
HW00005622,2
HW00005751,2
HW00005073,2
HW00005365,2
HW00000341,2
HW00004441,2
HW00005400,2
HW00000163,2
HW00004775,2
HW00002319,2
HW00002508,2
HW00005826,2
HW00003867,2
HW00002950,2
HW00005472,2
HW00003275,2
HW00003923,2
HW00003618,2
HW00005962,2
HW00002809,2
HW00004513,2
HW00003503,2
HW00002462,2
HW00005844,2
HW00007876,2
HW00001681,2
HW00003148,2
HW00006418,2
HW00004435,2
HW00007836,2
HW00005443,2
HW00005727,2
HW00004820,2
HW00007158,2
HW00001299,2
HW00005063,2
HW00001721,2
HW00002509,2
HW00000645,2
HW00005223,2
HW00004673,2
HW00004927,2
HW00003149,2
HW00000355,2
HW00004974,2
HW00003477,2
HW00007761,2
HW00000619,2
HW00007618,2
HW00005850,2
HW00001188,2
HW00000310,2
HW00004940,2
HW00000361,2
HW00004587,2
HW00005533,2
HW00001034,2
HW00000807,2
HW00007495,2
HW00002204,2
HW00007347,2
HW00003673,2
HW00001424,2
HW00003169,2
HW00006090,2
HW00000335,2
HW00004427,2
HW00006055,2
HW00003211,2
HW00000834,2
HW00001227,2
HW00001226,2
HW00002865,2
HW00007744,2
HW00002667,2
HW00006616,2
HW00001124,2
HW00001103,2
HW00005958,2
HW00001219,2
HW00005265,2
HW00000113,2
HW00007142,2
HW00003242,2
HW00001230,2
HW00005100,2
HW00002480,2
HW00003375,2
HW00002502,2
HW00006381,2
HW00006512,2
HW00001326,2
HW00002015,2
HW00007883,2
HW00006429,2
HW00007473,2
HW00000788,2
HW00000226,2
HW00002014,2
HW00002255,2
HW00006001,2
HW00002741,2
HW00005672,2
HW00003592,2
HW00003551,2
HW00000004,2
HW00000188,2
HW00006695,2
HW00005074,2
HW00002815,2
HW00005236,2
HW00007257,2
HW00001063,2
HW00001581,2
HW00007669,2
HW00001858,2
HW00004067,2
HW00005408,2
HW00003896,2
HW00007554,2
HW00003645,2
HW00002352,2
HW00002225,2
HW00001001,2
HW00001619,2
HW00000762,2
HW00006480,2
HW00005882,2
HW00007183,2
HW00005924,2
HW00007038,2
HW00007935,2
HW00006138,2
HW00007409,2
HW00000346,2
HW00005062,2
HW00006141,2
HW00001194,2
HW00006262,2
HW00003882,2
HW00001331,2
HW00005244,2
HW00001481,2
HW00003625,2
HW00007558,2
HW00002526,2
HW00002605,2
HW00002261,2
HW00006869,2
HW00004552,2
HW00003999,2
HW00002314,2
HW00000522,2
HW00002334,2
HW00002686,2
HW00001109,2
HW00004537,2
HW00007134,2
HW00001916,2
HW00001355,2
HW00004251,2
HW00004154,2
HW00000209,2
HW00005483,2
HW00006196,2
HW00007601,2
HW00001925,2
HW00002727,2
HW00000525,2
HW00004026,2
HW00003009,2
HW00003231,2
HW00002561,2
HW00000790,2
HW00004640,2
HW00003045,2
HW00004163,2
HW00006440,2
HW00003953,2
HW00000676,2
HW00002831,2
HW00002548,2
HW00005700,2
HW00002331,2
HW00002650,2
HW00003277,2
HW00006102,2
HW00005179,2
HW00002227,2
HW00004500,2
HW00004373,2
HW00000411,2
HW00002386,2
HW00001630,2
HW00007138,2
HW00003554,2
HW00003425,2
HW00007911,2
HW00005135,2
HW00003980,2
HW00003765,2
HW00007676,2
HW00001394,2
HW00003583,2
HW00003753,2
HW00000119,2
HW00005476,2
HW00007733,2
HW00007860,2
HW00002778,2
HW00003899,2
HW00000657,2
HW00002120,2
HW00006693,2
HW00003976,2
HW00005389,2
HW00006622,2
HW00001536,2
HW00003126,2
HW00007224,2
HW00006278,2
HW00000987,2
HW00006461,2
HW00005956,2
HW00003843,2
HW00007636,2
HW00003256,2
HW00000501,2
HW00007941,2
HW00001099,2
HW00007866,2
HW00001987,2
HW00000184,2
HW00002378,2
HW00005156,2
HW00002629,2
HW00007715,2
HW00005176,2
HW00004950,2
HW00000030,2
HW00002867,2
HW00002213,2
HW00004324,2
HW00007696,2
HW00003512,2
HW00003398,2
HW00004706,2
HW00004087,2
HW00001874,2
HW00006205,2
HW00006760,2
HW00005998,2
HW00007393,2
HW00002150,2
HW00000078,2
HW00002184,2
HW00005429,2
HW00007736,2
HW00004817,2
HW00005521,2
HW00006894,2
HW00002610,2
HW00000116,2
HW00000569,2
HW00005219,2
HW00001183,2
HW00003482,2
HW00000181,2
HW00006434,2
HW00003571,2
HW00007184,2
HW00007799,2
HW00001024,2
HW00000154,2
HW00001932,2
HW00000124,2
HW00004447,2
HW00000460,2
HW00005186,2
HW00005572,2
HW00003353,2
HW00005008,2
HW00001272,2
HW00002734,2
HW00006614,2
HW00002344,2
HW00003746,2
HW00000382,2
HW00004148,2
HW00001842,2
HW00002226,2
HW00004290,2
HW00006208,2
HW00000770,2
HW00003691,2
HW00002175,2
HW00000815,2
HW00000314,2
HW00001166,2
HW00006351,2
HW00006545,2
HW00000431,2
HW00000643,2
HW00005084,2
HW00003427,2
HW00003463,2
HW00005174,2
HW00004638,2
HW00007868,2
HW00006258,2
HW00003006,2
HW00006163,2
HW00006659,2
HW00002394,2
HW00003637,2
HW00003043,2
HW00004363,2
HW00001332,2
HW00007283,2
HW00004660,2
HW00002709,2
HW00006502,2
HW00004283,2
HW00003405,2
HW00003216,2
HW00005641,2
HW00000315,2
HW00005026,2
HW00002599,2
HW00004876,2
HW00004471,2
HW00005117,2
HW00006641,2
HW00002994,2
HW00002440,2
HW00005315,2
HW00007520,2
HW00000499,2
HW00002122,2
HW00001430,2
HW00006229,2
HW00007100,2
HW00001419,2
HW00000533,2
HW00001887,2
HW00002770,2
HW00004136,2
HW00000308,2
HW00000224,2
HW00000206,2
HW00004763,2
HW00002438,2
HW00002921,2
HW00001178,2
HW00005461,2
HW00006817,2
HW00002966,2
HW00007915,2
HW00003295,2
HW00002486,2
HW00007256,2
HW00007269,3
HW00003299,3
HW00006638,3
HW00003668,3
HW00003531,3
HW00007338,3
HW00006254,3
HW00000328,3
HW00005643,3
HW00006183,3
HW00004474,3
HW00003159,3
HW00003057,3
HW00001201,3
HW00000115,3
HW00005702,3
HW00006125,3
HW00005164,3
HW00005607,3
HW00003464,3
HW00004345,3
HW00003032,3
HW00006682,3
HW00002499,3
HW00005007,3
HW00001396,3
HW00003893,3
HW00007146,3
HW00006851,3
HW00003685,3
HW00007161,3
HW00004499,3
HW00000277,3
HW00005560,3
HW00004112,3
HW00006086,3
HW00004559,3
HW00005800,3
HW00007000,3
HW00002340,3
HW00004160,3
HW00000280,3
HW00005985,3
HW00002693,3
HW00003786,3
HW00002659,3
HW00006906,3
HW00001427,3
HW00002666,3
HW00000721,3
HW00007555,3
HW00002637,3
HW00000837,3
HW00006427,3
HW00003541,3
HW00004106,3
HW00002154,3
HW00000051,3
HW00004697,3
HW00006632,3
HW00002641,3
HW00000551,3
HW00000453,3
HW00005167,3
HW00004118,3
HW00001605,3
HW00002375,3
HW00005893,3
HW00007819,3
HW00006210,3
HW00001591,3
HW00002164,3
HW00002276,3
HW00001607,3
HW00003069,3
HW00001757,3
HW00003638,3
HW00007632,3
HW00003699,3
HW00006564,3
HW00006746,3
HW00003303,3
HW00005548,3
HW00005892,3
HW00002302,3
HW00003272,3
HW00002139,3
HW00000906,3
HW00000223,3
HW00005583,3
HW00000139,3
HW00006296,3
HW00005534,3
HW00005605,3
HW00002662,3
HW00003382,3
HW00007143,3
HW00002106,3
HW00006387,3
HW00001401,3
HW00006287,3
HW00003146,3
HW00003721,3
HW00004497,3
HW00002244,3
HW00003487,3
HW00006443,3
HW00000921,3
HW00001943,3
HW00004141,3
HW00006345,3
HW00001647,3
HW00002539,3
HW00003971,3
HW00002888,3
HW00002743,3
HW00007037,3
HW00002296,3
HW00003470,3
HW00007629,3
HW00001897,3
HW00002403,3
HW00004525,3
HW00004114,3
HW00007198,3
HW00001730,3
HW00000333,3
HW00003516,3
HW00006790,3
HW00004057,3
HW00000581,3
HW00001110,3
HW00006879,3
HW00003086,3
HW00007622,3
HW00006723,3
HW00001151,3
HW00000591,3
HW00006935,3
HW00007275,3
HW00002237,3
HW00005827,3
HW00002032,3
HW00004515,3
HW00000024,3
HW00004362,3
HW00003081,3
HW00000192,3
HW00002311,3
HW00004119,3
HW00005221,3
HW00006013,3
HW00000887,3
HW00001391,3
HW00001696,3
HW00004302,3
HW00005148,3
HW00002982,3
HW00004725,3
HW00003185,3
HW00003938,3
HW00004717,3
HW00006617,3
HW00000803,3
HW00003245,3
HW00001270,3
HW00007546,3
HW00007635,3
HW00003327,3
HW00003767,3
HW00000678,3
HW00004133,3
HW00001300,3
HW00007093,3
HW00001242,3
HW00004529,3
HW00007737,3
HW00003199,3
HW00006500,3
HW00000789,3
HW00004343,3
HW00003963,3
HW00003837,3
HW00001119,3
HW00007075,3
HW00004562,3
HW00000371,3
HW00005506,3
HW00004542,3
HW00004002,3
HW00003506,3
HW00007818,3
HW00000549,3
HW00007341,3
HW00002166,3
HW00001616,3
HW00002718,3
HW00004896,3
HW00002836,3
HW00004054,3
HW00000400,3
HW00005875,3
HW00006526,3
HW00000882,3
HW00000843,3
HW00007524,3
HW00003758,3
HW00007165,3
HW00000577,3
HW00002967,3
HW00003761,3
HW00000278,3
HW00007155,3
HW00005214,3
HW00000697,3
HW00004528,3
HW00004037,3
HW00006923,3
HW00004215,3
HW00003153,3
HW00006513,3
HW00001689,3
HW00002535,3
HW00000383,3
HW00005978,3
HW00001350,3
HW00006172,3
HW00004670,3
HW00005360,3
HW00005794,3
HW00005731,3
HW00004692,3
HW00004580,3
HW00007805,3
HW00005937,3
HW00005655,3
HW00000094,3
HW00003144,3
HW00006046,3
HW00004722,3
HW00001085,3
HW00001205,3
HW00003878,3
HW00007054,3
HW00007895,3
HW00000398,3
HW00006840,3
HW00004335,3
HW00006724,3
HW00005680,3
HW00001749,3
HW00006169,3
HW00004856,3
HW00000826,3
HW00000461,3
HW00002587,3
HW00006707,3
HW00000614,3
HW00007499,3
HW00007790,3
HW00000225,3
HW00005975,3
HW00003387,3
HW00006384,3
HW00001489,3
HW00000298,3
HW00003643,3
HW00003291,3
HW00001926,3
HW00001209,3
HW00000159,3
HW00006635,3
HW00003797,3
HW00002222,3
HW00003091,3
HW00001737,3
HW00001231,3
HW00007380,3
HW00001461,3
HW00004888,3
HW00005796,3
HW00007890,3
HW00005258,3
HW00004463,3
HW00005820,3
HW00007536,3
HW00005954,3
HW00006582,3
HW00002701,3
HW00001437,3
HW00007647,3
HW00000438,3
HW00000215,3
HW00005516,3
HW00004704,3
HW00002418,3
HW00006446,3
HW00000597,3
HW00001082,3
HW00003322,3
HW00004996,3
HW00005697,3
HW00001662,3
HW00004207,3
HW00006756,3
HW00005146,3
HW00001854,3
HW00002890,3
HW00007562,3
HW00007188,3
HW00007053,3
HW00004490,3
HW00007303,3
HW00001608,3
HW00003298,3
HW00002251,3
HW00005250,3
HW00006962,3
HW00001177,3
HW00003056,3
HW00002945,3
HW00005354,3
HW00005168,3
HW00000915,3
HW00004473,3
HW00005368,3
HW00001112,3
HW00001604,3
HW00006080,3
HW00003182,3
HW00002455,3
HW00003005,3
HW00002786,3
HW00000173,3
HW00004378,3
HW00005851,3
HW00002989,3
HW00005188,3
HW00001008,3
HW00006630,3
HW00003227,3
HW00004424,3
HW00000991,3
HW00004000,3
HW00007711,3
HW00003955,3
HW00007646,3
HW00002877,3
HW00004551,3
HW00001075,3
HW00007816,3
HW00007522,3
HW00005131,3
HW00004902,3
HW00000240,3
HW00000648,3
HW00003528,3
HW00000855,3
HW00005835,3
HW00000158,3
HW00003713,3
HW00004366,3
HW00003399,3
HW00005759,3
HW00002600,3
HW00005576,3
HW00004667,3
HW00002682,3
HW00000243,3
HW00007702,3
HW00007559,3
HW00006667,3
HW00000660,3
HW00001441,3
HW00005325,3
HW00001087,3
HW00002559,3
HW00000125,3
HW00001352,3
HW00001649,3
HW00000291,3
HW00006570,3
HW00005066,3
HW00007042,3
HW00007274,3
HW00005137,3
HW00006835,3
HW00001744,3
HW00006911,3
HW00005128,3
HW00002611,3
HW00007865,3
HW00005717,3
HW00002531,3
HW00001054,3
HW00000520,3
HW00006293,3
HW00000748,3
HW00002664,3
HW00004816,3
HW00002429,3
HW00007199,3
HW00004519,3
HW00000691,3
HW00002873,3
HW00001546,3
HW00005862,3
HW00006430,3
HW00006563,3
HW00004828,3
HW00003533,3
HW00004344,3
HW00006487,3
HW00003734,3
HW00003778,3
HW00004096,3
HW00007764,3
HW00004782,3
HW00001125,3
HW00006211,3
HW00003954,3
HW00002771,3
HW00000013,3
HW00005675,3
HW00007813,3
HW00000821,3
HW00005811,3
HW00003133,3
HW00005254,3
HW00002489,3
HW00000374,3
HW00006075,3
HW00000358,3
HW00007144,3
HW00006954,3
HW00005628,3
HW00004665,3
HW00002919,3
HW00000674,3
HW00005711,3
HW00001548,3
HW00002161,3
HW00001625,3
HW00007857,3
HW00002109,3
HW00001061,3
HW00001922,3
HW00006370,3
HW00004152,3
HW00006751,3
HW00005721,3
HW00006803,3
HW00003996,3
HW00002845,3
HW00005840,3
HW00005047,3
HW00004884,3
HW00001745,3
HW00000901,3
HW00007433,3
HW00000534,3
HW00002744,3
HW00000325,3
HW00001837,3
HW00001458,3
HW00004639,3
HW00001735,3
HW00003916,3
HW00004577,3
HW00001937,3
HW00006735,3
HW00000015,3
HW00003050,3
HW00006668,3
HW00005420,3
HW00006413,3
HW00003655,3
HW00000176,3
HW00002708,3
HW00000634,3
HW00003710,3
HW00003078,3
HW00004451,3
HW00005933,3
HW00003426,3
HW00007358,3
HW00004480,3
HW00000814,3
HW00003260,3
HW00000997,3
HW00005351,3
HW00002871,3
HW00004294,3
HW00003636,3
HW00004532,3
HW00007182,3
HW00002112,3
HW00005903,3
HW00003560,3
HW00005761,3
HW00006593,3
HW00001532,3
HW00007930,3
HW00005829,3
HW00003770,3
HW00003593,3
HW00001357,3
HW00000574,3
HW00003805,3
HW00005471,9
HW00006094,9
HW00001409,9
HW00006279,9
HW00006553,9
HW00005766,9
HW00005260,9
HW00007862,9
HW00006060,9
HW00004750,9
HW00001285,9
HW00000019,9
HW00000405,9
HW00000516,9
HW00004313,9
HW00002127,9
HW00000777,9
HW00000227,9
HW00000300,9
HW00004042,9
HW00005496,9
HW00002640,9
HW00006188,9
HW00003556,9
HW00007152,9
HW00001216,9
HW00006855,9
HW00007280,9
HW00000471,9
HW00002688,9
HW00005332,9
HW00002558,9
HW00005118,9
HW00006922,9
HW00002834,9
HW00004636,9
HW00001663,9
HW00006057,9
HW00000575,9
HW00004565,9
HW00003791,9
HW00003544,9
HW00002560,9
HW00005798,9
HW00005248,9
HW00007107,9
HW00001336,9
HW00001161,9
HW00002324,9
HW00000363,9
HW00005341,9
HW00006036,9
HW00004910,9
HW00006524,9
HW00000329,9
HW00000236,9
HW00001328,9
HW00005922,9
HW00006010,9
HW00002924,9
HW00007450,9
HW00001012,9
HW00003429,9
HW00003003,9
HW00007732,9
HW00005269,9
HW00002451,9
HW00006823,9
HW00001802,9
HW00006976,9
HW00004929,9
HW00000696,9
HW00003886,9
HW00004822,9
HW00004298,9
HW00003738,9
HW00006961,9
HW00007893,9
HW00003042,9
HW00001595,9
HW00003802,9
HW00003117,9
HW00005463,9
HW00005520,9
HW00001018,9
HW00004588,9
HW00006952,9
HW00007490,9
HW00000628,9
HW00000540,9
HW00006041,9
HW00007096,9
HW00004688,9
HW00000436,9
HW00001787,9
HW00005197,9
HW00006968,9
HW00006069,9
HW00000924,9
HW00000647,9
HW00001841,9
HW00000717,9
HW00004983,9
HW00005789,9
HW00004651,9
HW00004760,9
HW00005816,9
HW00005296,9
HW00005880,9
HW00002496,9
HW00002030,9
HW00005126,9
HW00002054,9
HW00005871,9
HW00000052,9
HW00004975,9
HW00005014,9
HW00002854,9
HW00004690,9
HW00006342,9
HW00001443,9
HW00004088,9
HW00003202,9
HW00001502,9
HW00007222,9
HW00007421,9
HW00002098,9
HW00007516,9
HW00000162,9
HW00006323,9
HW00001334,9
HW00001306,9
HW00000331,9
HW00000802,9
HW00006382,9
HW00004648,9
HW00004492,9
HW00005396,9
HW00006388,9
HW00001206,9
HW00005323,9
HW00003723,9
HW00007529,9
HW00006980,9
HW00005692,9
HW00001918,9
HW00003520,9
HW00004470,9
HW00004573,9
HW00006100,9
HW00002343,9
HW00004643,9
HW00003254,9
HW00004387,9
HW00002402,9
HW00002294,9
HW00002828,9
HW00000497,9
HW00007191,9
HW00006886,9
HW00002497,9
HW00000618,9
HW00003190,9
HW00006396,9
HW00003000,9
HW00000109,9
HW00000707,9
HW00002488,9
HW00005245,9
HW00003228,9
HW00001446,9
HW00006589,9
HW00003784,9
HW00007204,9
HW00004826,9
HW00006876,9
HW00007789,9
HW00002503,9
HW00005914,9
HW00006527,9
HW00004157,9
HW00003396,9
HW00005348,9
HW00002833,9
HW00000968,9
HW00001147,9
HW00006128,9
HW00005836,9
HW00003857,9
HW00000651,9
HW00000710,9
HW00007049,9
HW00006435,9
HW00003307,9
HW00001907,9
HW00000587,9
HW00003740,9
HW00006727,9
HW00002802,9
HW00005411,9
HW00007067,9
HW00000871,9
HW00001364,9
HW00006969,9
HW00001728,9
HW00003135,9
HW00001816,9
HW00000952,9
HW00005767,9
HW00007431,9
HW00007220,9
HW00005044,9
HW00005222,9
HW00004805,9
HW00005489,9
HW00004075,9
HW00005508,9
HW00006130,9
HW00004751,9
HW00000021,9
HW00003859,9
HW00003817,9
HW00001913,9
HW00004449,9
HW00003603,9
HW00007168,9
HW00001203,9
HW00005293,9
HW00003563,9
HW00005707,9
HW00005848,9
HW00007888,9
HW00003493,9
HW00005080,9
HW00002951,9
HW00000001,9
HW00000390,9
HW00004181,9
HW00001540,9
HW00003207,9
HW00000844,9
HW00006904,9
HW00000348,9
HW00002303,9
HW00003920,9
HW00005182,9
HW00005450,9
HW00001266,9
HW00001940,9
HW00007397,9
HW00000639,9
HW00003442,9
HW00001006,9
HW00002426,9
HW00002943,9
HW00001980,9
HW00001563,9
HW00001279,9
HW00006442,9
HW00003407,9
HW00003253,9
HW00002452,9
HW00005902,9
HW00006535,9
HW00002984,9
HW00002751,9
HW00001146,9
HW00006236,9
HW00000274,9
HW00007098,9
HW00005911,9
HW00007500,9
HW00007327,9
HW00000270,9
HW00001374,9
HW00004686,9
HW00004687,9
HW00003540,9
HW00000563,9
HW00001325,9
HW00006639,9
HW00001759,9
HW00007342,9
HW00006983,9
HW00000079,9
HW00002852,9
HW00005337,9
HW00004392,9
HW00005278,9
HW00003906,9
HW00004358,9
HW00003500,9
HW00000895,9
HW00002035,9
HW00006940,9
HW00003200,9
HW00004890,9
HW00002259,9
HW00000580,9
HW00001618,9
HW00002904,9
HW00006421,9
HW00005769,9
HW00007902,9
HW00005617,9
HW00006992,9
HW00007378,9
HW00007800,9
HW00001485,9
HW00001189,9
HW00005972,9
HW00002893,9
HW00005352,9
HW00002784,9
HW00007416,9
HW00002040,9
HW00004813,9
HW00001770,9
HW00006551,9
HW00005001,9
HW00006118,9
HW00002954,9
HW00001187,9
HW00006005,9
HW00005492,9
HW00003088,9
HW00000036,9
HW00002323,9
HW00005324,9
HW00000134,9
HW00000465,9
HW00005771,9
HW00001559,9
HW00005212,9
HW00006744,9
HW00003958,9
HW00002458,9
HW00003956,9
HW00004824,9
HW00004911,9
HW00006997,9
HW00002818,9
HW00007437,9
HW00005189,9
HW00002519,9
HW00004907,9
HW00007811,9
HW00003329,9
HW00005807,9
HW00007751,9
HW00003321,9
HW00007668,9
HW00003047,9
HW00001555,9
HW00001702,9
HW00002231,9
HW00004616,9
HW00000511,9
HW00005667,9
HW00000306,9
HW00004829,9
HW00006828,9
HW00007921,9
HW00005487,9
HW00006281,9
HW00007290,9
HW00004779,9
HW00004621,9
HW00002647,9
HW00006636,9
HW00003423,9
HW00001909,9
HW00003762,9
HW00000942,9
HW00005683,9
HW00005754,9
HW00007680,9
HW00006918,9
HW00007659,9
HW00000813,9
HW00000812,9
HW00002023,9
HW00007795,9
HW00003433,9
HW00000281,9
HW00004765,9
HW00000519,9
HW00004012,9
HW00007315,9
HW00001580,9
HW00003957,9
HW00003573,9
HW00007691,9
HW00003400,9
HW00007815,9
HW00004875,9
HW00004432,9
HW00002457,9
HW00002322,9
HW00004336,9
HW00000305,9
HW00005646,9
HW00007300,9
HW00000852,9
HW00006084,9
HW00001447,9
HW00005988,9
HW00002530,9
HW00002843,9
HW00004195,9
HW00006848,9
HW00001623,9
HW00000541,9
HW00001138,9
HW00000256,9
HW00004353,9
HW00006021,9
HW00000058,9
HW00001340,9
HW00001657,9
HW00004172,9
HW00002189,9
HW00001091,9
HW00001122,9
HW00002956,9
HW00001975,9
HW00005129,9
HW00005738,9
HW00003839,9
HW00000334,9
HW00005190,9
HW00003904,9
HW00006729,9
HW00001380,9
HW00007904,9
HW00005287,9
HW00004213,9
HW00002823,9
HW00005664,9
HW00001723,9
HW00000439,9
HW00003749,9
HW00001134,9
HW00001312,9
HW00003700,9
HW00005407,9
HW00001476,9
HW00002832,9
HW00007627,9
HW00002448,9
HW00003848,9
HW00000626,9
HW00003192,9
HW00003942,9
HW00005421,9
HW00006174,9
HW00005246,9
HW00007247,9
HW00007163,9
HW00005743,9
HW00000664,9
HW00001111,9
HW00002277,9
HW00006115,9
HW00006782,9
HW00002799,9
HW00005220,9
HW00005886,9
HW00004401,9
HW00002746,9
HW00000061,9
HW00002628,9
HW00000268,9
HW00002478,9
HW00003989,9
HW00001793,9
HW00005201,9
HW00003796,9
HW00006604,9
HW00003992,9
HW00001506,9
HW00007870,9
HW00002590,9
HW00003800,9
HW00004150,9
HW00007432,9
HW00005416,9
HW00005602,9
HW00000527,9
HW00001674,9
HW00007361,9
HW00003630,9
HW00003178,9
HW00005366,9
HW00002230,9
HW00005652,9
HW00003755,9
HW00007242,9
HW00006150,9
HW00007734,9
HW00007725,9
HW00007073,9
HW00007658,9
HW00001432,9
HW00005606,9
HW00006853,9
HW00005103,9
HW00004920,9
HW00000041,9
HW00001731,9
HW00001967,9
HW00003679,9
HW00002059,9
HW00003558,9
HW00003536,9
HW00003412,9
HW00004393,9
HW00005058,9
HW00005623,9
HW00000409,9
HW00003901,9
HW00006285,9
HW00002002,9
HW00000889,9
HW00001142,9
HW00003338,9
HW00002902,9
HW00004880,9
HW00007645,9
HW00005067,9
HW00000518,9
HW00003490,9
HW00000635,9
HW00001487,9
HW00006891,9
HW00006009,9
HW00000907,9
HW00003697,9
HW00003850,9
HW00007210,9
HW00003596,9
HW00002422,9
HW00005339,9
HW00007318,9
HW00000712,9
HW00005869,9
HW00004879,9
HW00004281,9
HW00001972,9
HW00007153,9
HW00007254,9
HW00002925,9
HW00004140,9
HW00004295,9
HW00001059,9
HW00002514,9
HW00003122,9
HW00001290,9
HW00005824,9
HW00004380,9
HW00000590,9
HW00004394,9
HW00007392,9
HW00006600,9
HW00006470,9
HW00004369,9
HW00004058,9
HW00003546,9
HW00003461,9
HW00001861,9
HW00002379,9
HW00004764,9
HW00006073,9
HW00004100,9
HW00007553,9
HW00000650,9
HW00006646,9
HW00004064,9
HW00007461,9
HW00001885,9
HW00003284,9
HW00001000,9
HW00007675,9
HW00004384,9
HW00003792,9
HW00004846,9
HW00007259,9
HW00007040,9
HW00006226,9
HW00005621,9
HW00006770,9
HW00002985,9
HW00000351,9
HW00004430,9
HW00003225,9
HW00003756,9
HW00006337,9
HW00001053,9
HW00006897,9
HW00001507,9
HW00004921,9
HW00007894,7
HW00003095,7
HW00007492,7
HW00004221,7
HW00006344,7
HW00006733,7
HW00000070,7
HW00000672,7
HW00007424,7
HW00006517,7
HW00005594,7
HW00004857,7
HW00003933,7
HW00006749,7
HW00006773,7
HW00001929,7
HW00004784,7
HW00007475,7
HW00006998,7
HW00002704,7
HW00002305,7
HW00003232,7
HW00004351,7
HW00004060,7
HW00002279,7
HW00001281,7
HW00002745,7
HW00005843,7
HW00005097,7
HW00001438,7
HW00002420,7
HW00005334,7
HW00003782,7
HW00004247,7
HW00003944,7
HW00002256,7
HW00006774,7
HW00006574,7
HW00001283,7
HW00007649,7
HW00005666,7
HW00004164,7
HW00001028,7
HW00001853,7
HW00005552,7
HW00004943,7
HW00001704,7
HW00007852,7
HW00003251,7
HW00004391,7
HW00001791,7
HW00006777,7
HW00006416,7
HW00000187,7
HW00001023,7
HW00002180,7
HW00005143,7
HW00003028,7
HW00007912,7
HW00000680,7
HW00002668,7
HW00004495,7
HW00006019,7
HW00001009,7
HW00005659,7
HW00000730,7
HW00002487,7
HW00004554,7
HW00001278,7
HW00003455,7
HW00003652,7
HW00002337,7
HW00006868,7
HW00004453,7
HW00003255,7
HW00000797,7
HW00001255,7
HW00004881,7
HW00004652,7
HW00001105,7
HW00004958,7
HW00004995,7
HW00003325,7
HW00000169,7
HW00003804,7
HW00003874,7
HW00000430,7
HW00001666,7
HW00006586,7
HW00001048,7
HW00006179,7
HW00005177,7
HW00004050,7
HW00002456,7
HW00005782,7
HW00005810,7
HW00000800,7
HW00000177,7
HW00002498,7
HW00002634,7
HW00004214,7
HW00006190,7
HW00007364,7
HW00005979,7
HW00007349,7
HW00006241,7
HW00000018,7
HW00003432,7
HW00001722,7
HW00006383,7
HW00007120,7
HW00000172,7
HW00007832,7
HW00005268,7
HW00004919,7
HW00005619,7
HW00003131,7
HW00004011,7
HW00002273,7
HW00001164,7
HW00002717,7
HW00003924,7
HW00002602,7
HW00005651,7
HW00006176,7
HW00005041,7
HW00006407,7
HW00002247,7
HW00003833,7
HW00006076,7
HW00007215,7
HW00000197,7
HW00006554,7
HW00001528,7
HW00007521,7
HW00003872,7
HW00004412,7
HW00003101,7
HW00006996,7
HW00002545,7
HW00003521,7
HW00006676,7
HW00000735,7
HW00001439,7
HW00005202,7
HW00000838,7
HW00005616,7
HW00002899,7
HW00005726,7
HW00002856,7
HW00000462,7
HW00000849,7
HW00007234,7
HW00000320,7
HW00001712,7
HW00004445,7
HW00002102,7
HW00004947,7
HW00001650,7
HW00005549,7
HW00005327,7
HW00001204,7
HW00003702,7
HW00002555,7
HW00002347,7
HW00006731,7
HW00006987,7
HW00000221,7
HW00007483,7
HW00003883,7
HW00002110,7
HW00004415,7
HW00007570,7
HW00000542,7
HW00007111,7
HW00006136,7
HW00004585,7
HW00006627,7
HW00003090,7
HW00001803,7
HW00007626,7
HW00005513,7
HW00001483,7
HW00006307,7
HW00003372,7
HW00003162,7
HW00002869,7
HW00003039,7
HW00005899,7
HW00007574,7
HW00002123,7
HW00004005,7
HW00002240,7
HW00001431,7
HW00003510,7
HW00005275,7
HW00005165,7
HW00001976,7
HW00000905,7
HW00002991,7
HW00001258,7
HW00006414,7
HW00006881,7
HW00005367,7
HW00005205,7
HW00001062,7
HW00006250,7
HW00001989,7
HW00006908,7
HW00004825,7
HW00000670,7
HW00006356,7
HW00007436,7
HW00007304,7
HW00004276,7
HW00005453,7
HW00007758,7
HW00007784,7
HW00005213,7
HW00006304,7
HW00005867,7
HW00004700,7
HW00002096,7
HW00000668,7
HW00000101,7
HW00003594,7
HW00005971,7
HW00000761,7
HW00000808,7
HW00004212,7
HW00006406,7
HW00005557,7
HW00005712,7
HW00007584,7
HW00000055,7
HW00002970,7
HW00007582,7
HW00001234,7
HW00001262,7
HW00002415,7
HW00006732,7
HW00001991,7
HW00006572,7
HW00000446,7
HW00003912,7
HW00004977,7
HW00005392,7
HW00006072,7
HW00005025,7
HW00004539,7
HW00006037,7
HW00000771,7
HW00003997,7
HW00001732,7
HW00000827,7
HW00000253,7
HW00000239,7
HW00004161,7
HW00002223,7
HW00003621,7
HW00000319,7
HW00000473,7
HW00000186,7
HW00001871,7
HW00002894,7
HW00003410,7
HW00001033,7
HW00001936,7
HW00000860,7
HW00002178,7
HW00002460,7
HW00002917,7
HW00003574,7
HW00003408,7
HW00005384,7
HW00006419,7
HW00000742,7
HW00006052,7
HW00000505,7
HW00003067,7
HW00006776,7
HW00003345,7
HW00005393,7
HW00002653,7
HW00000793,7
HW00006509,7
HW00007236,7
HW00007728,7
HW00005779,7
HW00006649,7
HW00002267,7
HW00002332,7
HW00004522,7
HW00002143,7
HW00002644,7
HW00002089,7
HW00001192,7
HW00000925,7
HW00001196,7
HW00003879,7
HW00000230,7
HW00002275,7
HW00003855,7
HW00005839,7
HW00007607,7
HW00006194,7
HW00000828,7
HW00003267,7
HW00004712,7
HW00002442,7
HW00002678,7
HW00003439,7
HW00003584,7
HW00005377,7
HW00004288,7
HW00002241,7
HW00004728,7
HW00006253,7
HW00005495,7
HW00005590,7
HW00002656,7
HW00006338,7
HW00002724,7
HW00007389,7
HW00005401,7
HW00002527,7
HW00003378,7
HW00004610,7
HW00006990,7
HW00007175,7
HW00002780,7
HW00001632,7
HW00007218,7
HW00005251,7
HW00007363,7
HW00001195,7
HW00002910,7
HW00000980,7
HW00007250,7
HW00001498,7
HW00002848,7
HW00000585,7
HW00005993,7
HW00006078,7
HW00006818,7
HW00002552,7
HW00006967,7
HW00005448,7
HW00002553,7
HW00006316,7
HW00001838,7
HW00000526,7
HW00002146,7
HW00007609,7
HW00007047,7
HW00007137,7
HW00006795,7
HW00000729,7
HW00004293,7
HW00000261,7
HW00005859,7
HW00006683,7
HW00004299,7
HW00000750,7
HW00002781,7
HW00007783,7
HW00000532,7
HW00001556,7
HW00001488,7
HW00003055,7
HW00001386,7
HW00004370,7
HW00007498,7
HW00001687,7
HW00002791,7
HW00004357,7
HW00007673,7
HW00000723,7
HW00007484,7
HW00001710,7
HW00006890,7
HW00004899,7
HW00007455,7
HW00007792,7
HW00001096,7
HW00003779,7
HW00007382,7
HW00000944,7
HW00003107,7
HW00006156,7
HW00000344,7
HW00000908,7
HW00003831,7
HW00006873,7
HW00001118,7
HW00001378,7
HW00007406,7
HW00007796,7
HW00002749,7
HW00001273,7
HW00004364,7
HW00005579,7
HW00003579,7
HW00002892,7
HW00001036,7
HW00007549,7
HW00003244,7
HW00002714,7
HW00000566,7
HW00005333,7
HW00006974,7
HW00002883,7
HW00007885,7
HW00002518,7
HW00001901,7
HW00006706,7
HW00006989,7
HW00004069,7
HW00004331,7
HW00007305,7
HW00000594,7
HW00006071,7
HW00005793,7
HW00007281,7
HW00003947,7
HW00003415,7
HW00004564,7
HW00000920,7
HW00000583,7
HW00003191,7
HW00005945,7
HW00000147,7
HW00004957,7
HW00004210,7
HW00004759,7
HW00001453,7
HW00004959,7
HW00000481,7
HW00003223,7
HW00001600,7
HW00004467,7
HW00006671,7
HW00007320,7
HW00003946,7
HW00006521,7
HW00002730,7
HW00001774,7
HW00005256,7
HW00005904,7
HW00005133,7
HW00004766,7
HW00003105,7
HW00001998,7
HW00000238,7
HW00003331,7
HW00000582,7
HW00000766,7
HW00004303,7
HW00006475,7
HW00007543,7
HW00001826,7
HW00007140,7
HW00001859,7
HW00002421,7
HW00003054,7
HW00007297,7
HW00004691,7
HW00006109,7
HW00003177,7
HW00003164,7
HW00002085,7
HW00005833,7
HW00005056,7
HW00001889,7
HW00003168,7
HW00001005,7
HW00001244,7
HW00001359,7
HW00001520,7
HW00003030,7
HW00003998,7
HW00000603,7
HW00007402,7
HW00007919,7
HW00005595,7
HW00006146,7
HW00002246,7
HW00006841,7
HW00000249,7
HW00005193,7
HW00007688,7
HW00003774,7
HW00001128,7
HW00000531,7
HW00005024,7
HW00006692,7
HW00000164,7
HW00003635,7
HW00004793,7
HW00005145,7
HW00002820,7
HW00000881,7
HW00006715,7
HW00000309,7
HW00004236,7
HW00002410,7
HW00000198,7
HW00002195,7
HW00000500,7
HW00003972,7
HW00000105,7
HW00002389,7
HW00003314,7
HW00004915,7
HW00005481,7
HW00002981,7
HW00001610,7
HW00004533,7
HW00007654,7
HW00000886,7
HW00000377,7
HW00002979,7
HW00005034,7
HW00002623,7
HW00003741,7
HW00000289,7
HW00000303,7
HW00002983,7
HW00003552,7
HW00001240,7
HW00007056,7
HW00003742,7
HW00006315,7
HW00000071,7
HW00002307,7
HW00002399,7
HW00000088,7
HW00001397,7
HW00001248,7
HW00003811,7
HW00002357,7
HW00007369,7
HW00001525,7
HW00006561,7
HW00005691,7
HW00003977,7
HW00006612,7
HW00005436,7
HW00006028,7
HW00005734,7
HW00002388,7
HW00007760,7
HW00005399,7
HW00003440,7
HW00002702,7
HW00004211,7
HW00002151,7
HW00004776,7
HW00005966,7
HW00002516,7
HW00000836,7
HW00006858,7
HW00007488,7
HW00005611,7
HW00003775,7
HW00002725,7
HW00005532,7
HW00002077,7
HW00005445,7
HW00000600,7
HW00004886,7
HW00007101,7
HW00003620,7
HW00002996,7
HW00001992,7
HW00005990,7
HW00006053,7
HW00005722,7
HW00003289,7
HW00002414,7
HW00000986,7
HW00005422,7
HW00002082,7
HW00001344,7
HW00003951,7
HW00004386,7
HW00004083,7
HW00001422,7
HW00003210,7
HW00007615,7
HW00002298,7
HW00004045,7
HW00000752,7
HW00004754,7
HW00005668,7
HW00002050,7
HW00004844,7
HW00006266,7
HW00001329,7
HW00006709,7
HW00006753,7
HW00005431,5
HW00005288,5
HW00006289,5
HW00006691,5
HW00002155,5
HW00000422,5
HW00002249,5
HW00005614,5
HW00002328,5
HW00007448,5
HW00003937,5
HW00000611,5
HW00000201,5
HW00003862,5
HW00003141,5
HW00002198,5
HW00002236,5
HW00002732,5
HW00005733,5
HW00002529,5
HW00007505,5
HW00007695,5
HW00000343,5
HW00000682,5
HW00004224,5
HW00002533,5
HW00002885,5
HW00002179,5
HW00006794,5
HW00004322,5
HW00007279,5
HW00007918,5
HW00001705,5
HW00001152,5
HW00004124,5
HW00005081,5
HW00004468,5
HW00000873,5
HW00004093,5
HW00006173,5
HW00007032,5
HW00006644,5
HW00000317,5
HW00005783,5
HW00003079,5
HW00007115,5
HW00000769,5
HW00001664,5
HW00003465,5
HW00004655,5
HW00007150,5
HW00007671,5
HW00001337,5
HW00007842,5
HW00000337,5
HW00001823,5
HW00001524,5
HW00007243,5
HW00006393,5
HW00006140,5
HW00006200,5
HW00004423,5
HW00006907,5
HW00007167,5
HW00002536,5
HW00001542,5
HW00000345,5
HW00004773,5
HW00006791,5
HW00004811,5
HW00003451,5
HW00007569,5
HW00000704,5
HW00005395,5
HW00007482,5
HW00006121,5
HW00000607,5
HW00002160,5
HW00005479,5
HW00001612,5
HW00001402,5
HW00002193,5
HW00003029,5
HW00006915,5
HW00006662,5
HW00001598,5
HW00002459,5
HW00002735,5
HW00006059,5
HW00004661,5
HW00002327,5
HW00007724,5
HW00001709,5
HW00001157,5
HW00005433,5
HW00007817,5
HW00006096,5
HW00004799,5
HW00000979,5
HW00007837,5
HW00007263,5
HW00006400,5
HW00003897,5
HW00005587,5
HW00003184,5
HW00004448,5
HW00002051,5
HW00003607,5
HW00000621,5
HW00003416,5
HW00006441,5
HW00004987,5
HW00004170,5
HW00006061,5
HW00004733,5
HW00005295,5
HW00006689,5
HW00000491,5
HW00005784,5
HW00003201,5
HW00006300,5
HW00000687,5
HW00005232,5
HW00004620,5
HW00001269,5
HW00001798,5
HW00004913,5
HW00007151,5
HW00006485,5
HW00002435,5
HW00007901,5
HW00000557,5
HW00001974,5
HW00000107,5
HW00005677,5
HW00004408,5
HW00007404,5
HW00007518,5
HW00006438,5
HW00003021,5
HW00001135,5
HW00000709,5
HW00004227,5
HW00001777,5
HW00007312,5
HW00003336,5
HW00001066,5
HW00000773,5
HW00006049,5
HW00002218,5
HW00003505,5
HW00006552,5
HW00003017,5
HW00005642,5
HW00002756,5
HW00000786,5
HW00002687,5
HW00000264,5
HW00006523,5
HW00002001,5
HW00005157,5
HW00000538,5
HW00002363,5
HW00001636,5
HW00005765,5
HW00001046,5
HW00001824,5
HW00002844,5
HW00003545,5
HW00003915,5
HW00002313,5
HW00002658,5
HW00005969,5
HW00003369,5
HW00003365,5
HW00000930,5
HW00004993,5
HW00004581,5
HW00002434,5
HW00005149,5
HW00004543,5
HW00002141,5
HW00000066,5
HW00006533,5
HW00003640,5
HW00003258,5
HW00003575,5
HW00006030,5
HW00004244,5
HW00000027,5
HW00005986,5
HW00003268,5
HW00002870,5
HW00001338,5
HW00003769,5
HW00000743,5
HW00004842,5
HW00001669,5
HW00003900,5
HW00005965,5
HW00004428,5
HW00000111,5
HW00004178,5
HW00006357,5
HW00007681,5
HW00001235,5
HW00003393,5
HW00004256,5
HW00005665,5
HW00001984,5
HW00007395,5
HW00007572,5
HW00005480,5
HW00003349,5
HW00002336,5
HW00002689,5
HW00004038,5
HW00003383,5
HW00002280,5
HW00004631,5
HW00002133,5
HW00000679,5
HW00006167,5
HW00004752,5
HW00004545,5
HW00001582,5
HW00004521,5
HW00002107,5
HW00004935,5
HW00004854,5
HW00007474,5
HW00001794,5
HW00005928,5
HW00000165,5
HW00005684,5
HW00004785,5
HW00006520,5
HW00005488,5
HW00004589,5
HW00004225,5
HW00004827,5
HW00007886,5
HW00005467,5
HW00000546,5
HW00007786,5
HW00002210,5
HW00003335,5
HW00007703,5
HW00007239,5
HW00000356,5
HW00004626,5
HW00003982,5
HW00005160,5
HW00004121,5
HW00004908,5
HW00007284,5
HW00005326,5
HW00004953,5
HW00007428,5
HW00003812,5
HW00005375,5
HW00000231,5
HW00002264,5
HW00007592,5
HW00005629,5
HW00004209,5
HW00000853,5
HW00003726,5
HW00005693,5
HW00001100,5
HW00003233,5
HW00005936,5
HW00006087,5
HW00005227,5
HW00003794,5
HW00004068,5
HW00002039,5
HW00007028,5
HW00001038,5
HW00007264,5
HW00006486,5
HW00004033,5
HW00002430,5
HW00000307,5
HW00000724,5
HW00006404,5
HW00003340,5
HW00000756,5
HW00004321,5
HW00001114,5
HW00007193,5
HW00006672,5
HW00003019,5
HW00007050,5
HW00000713,5
HW00005257,5
HW00004653,5
HW00007534,5
HW00005879,5
HW00002253,5
HW00000632,5
HW00006214,5
HW00007616,5
HW00005507,5
HW00005538,5
HW00001459,5
HW00004994,5
HW00006599,5
HW00000213,5
HW00006291,5
HW00005542,5
HW00000605,5
HW00004189,5
HW00001679,5
HW00007174,5
HW00007532,5
HW00004964,5
HW00007916,5
HW00005670,5
HW00005687,5
HW00007793,5
HW00005748,5
HW00003803,5
HW00007446,5
HW00002315,5
HW00002504,5
HW00004017,5
HW00007420,5
HW00006314,5
HW00003478,5
HW00002019,5
HW00005663,5
HW00007763,5
HW00001848,5
HW00003316,5
HW00004898,5
HW00001097,5
HW00000069,5
HW00006422,5
HW00006986,5
HW00000929,5
HW00003828,5
HW00000698,5
HW00005574,5
HW00002550,5
HW00007873,5
HW00006991,5
HW00003418,5
HW00001911,5
HW00001671,5
HW00007535,5
HW00002163,5
HW00004382,5
HW00001527,5
HW00005053,5
HW00007162,5
HW00005404,5
HW00000537,5
HW00003966,5
HW00006878,5
HW00007426,5
HW00001233,5
HW00005127,5
HW00000050,5
HW00002066,5
HW00002484,5
HW00000565,5
HW00004361,5
HW00002470,5
HW00002540,5
HW00000191,5
HW00004701,5
HW00006930,5
HW00001597,5
HW00005430,5
HW00004954,5
HW00006390,5
HW00002598,5
HW00002011,5
HW00004774,5
HW00004285,5
HW00005403,5
HW00006736,5
HW00000528,5
HW00003220,5
HW00003646,5
HW00002675,5
HW00007586,5
HW00004385,5
HW00000205,5
HW00002385,5
HW00007593,5
HW00002999,5
HW00007810,5
HW00001148,5
HW00003876,5
HW00000950,5
HW00001533,5
HW00000702,5
HW00007621,5
HW00004204,5
HW00005175,5
HW00000933,5
HW00007366,5
HW00005953,5
HW00003969,5
HW00005122,5
HW00002937,5
HW00004070,5
HW00007238,5
HW00000118,5
HW00007847,5
HW00000975,5
HW00004365,5
HW00004010,5
HW00007343,5
HW00001260,5
HW00003633,5
HW00006670,5
HW00004374,5
HW00005927,5
HW00002544,5
HW00004768,5
HW00001670,5
HW00002471,5
HW00005674,5
HW00003608,5
HW00006740,5
HW00005923,5
HW00002635,5
HW00001775,5
HW00000000,5
HW00007738,5
HW00002113,5
HW00002698,5
HW00007710,5
HW00004061,5
HW00000087,5
HW00000738,5
HW00003406,5
HW00001833,5
HW00006550,5
HW00004634,5
HW00007103,5
HW00006529,5
HW00004138,5
HW00006330,5
HW00006608,5
HW00006783,5
HW00001185,5
HW00007196,5
HW00004406,5
HW00003959,5
HW00005719,5
HW00006120,5
HW00002053,5
HW00007748,5
HW00001668,5
HW00004025,5
HW00006346,5
HW00006113,5
HW00002891,5
HW00001733,5
HW00001683,5
HW00004847,5
HW00003911,5
HW00000304,5
HW00006766,5
HW00003932,5
HW00002269,5
HW00007716,5
HW00005787,5
HW00002825,5
HW00004381,5
HW00001734,5
HW00001263,5
HW00005027,5
HW00004388,5
HW00004041,5
HW00004555,5
HW00005374,5
HW00006932,5
HW00003665,5
HW00001565,5
HW00007927,5
HW00004637,5
HW00005185,5
HW00003022,5
HW00000146,5
HW00006145,5
HW00004967,5
HW00004815,5
HW00007217,5
HW00003543,5
HW00006195,5
HW00006322,5
HW00002355,5
HW00004206,5
HW00002144,5
HW00003404,5
HW00002217,5
HW00004177,5
HW00005909,5
HW00007723,5
HW00002062,5
HW00006769,5
HW00002960,5
HW00004443,5
HW00007449,5
HW00000160,5
HW00005491,5
HW00004105,5
HW00007587,5
HW00000809,5
HW00006525,5
HW00000077,5
HW00007013,5
HW00006267,5
HW00000444,5
HW00002601,5
HW00007214,5
HW00004039,5
HW00007648,5
HW00004695,5
HW00000904,5
HW00006142,5
HW00004646,8
HW00002993,8
HW00002948,8
HW00001845,8
HW00003311,8
HW00000233,8
HW00006972,8
HW00004576,8
HW00007302,8
HW00004520,8
HW00004699,8
HW00002176,8
HW00002018,8
HW00002413,8
HW00006398,8
HW00005968,8
HW00003722,8
HW00005371,8
HW00000740,8
HW00000573,8
HW00006618,8
HW00006628,8
HW00006269,8
HW00006221,8
HW00002170,8
HW00001265,8
HW00004790,8
HW00006341,8
HW00001703,8
HW00000927,8
HW00006355,8
HW00001037,8
HW00006168,8
HW00001171,8
HW00000616,8
HW00005803,8
HW00000458,8
HW00001436,8
HW00005418,8
HW00000765,8
HW00001274,8
HW00006127,8
HW00005689,8
HW00003065,8
HW00004821,8
HW00003002,8
HW00005010,8
HW00000081,8
HW00005466,8
HW00000433,8
HW00005593,8
HW00007465,8
HW00007001,8
HW00005141,8
HW00007332,8
HW00003835,8
HW00004464,8
HW00007917,8
HW00000851,8
HW00007128,8
HW00003650,8
HW00003246,8
HW00005916,8
HW00006647,8
HW00003120,8
HW00001900,8
HW00001659,8
HW00004043,8
HW00007656,8
HW00006045,8
HW00004174,8
HW00002789,8
HW00000962,8
HW00001872,8
HW00006965,8
HW00005419,8
HW00000241,8
HW00004952,8
HW00002494,8
HW00007306,8
HW00007348,8
HW00005078,8
HW00005970,8
HW00002136,8
HW00005981,8
HW00005873,8
HW00007589,8
HW00005410,8
HW00006280,8
HW00001661,8
HW00000716,8
HW00000042,8
HW00000065,8
HW00006457,8
HW00002233,8
HW00007051,8
HW00007588,8
HW00002005,8
HW00006842,8
HW00006494,8
HW00004606,8
HW00005398,8
HW00005046,8
HW00001511,8
HW00002694,8
HW00002728,8
HW00005093,8
HW00007766,8
HW00003247,8
HW00003696,8
HW00005357,8
HW00006510,8
HW00005405,8
HW00006678,8
HW00003684,8
HW00002733,8
HW00003801,8
HW00003136,8
HW00002382,8
HW00007938,8
HW00007205,8
HW00005294,8
HW00001348,8
HW00002569,8
HW00000258,8
HW00001493,8
HW00001475,8
HW00000879,8
HW00003179,8
HW00007923,8
HW00003597,8
HW00005474,8
HW00004078,8
HW00004458,8
HW00004982,8
HW00002087,8
HW00007491,8
HW00000048,8
HW00002764,8
HW00006999,8
HW00004591,8
HW00004348,8
HW00003818,8
HW00000816,8
HW00007464,8
HW00000864,8
HW00006257,8
HW00005031,8
HW00000972,8
HW00004501,8
HW00002250,8
HW00003447,8
HW00001253,8
HW00002200,8
HW00006157,8
HW00007273,8
HW00005947,8
HW00000150,8
HW00003155,8
HW00006759,8
HW00004440,8
HW00004013,8
HW00007245,8
HW00001960,8
HW00005661,8
HW00007721,8
HW00007533,8
HW00007187,8
HW00003667,8
HW00007061,8
HW00001333,8
HW00003909,8
HW00006482,8
HW00005464,8
HW00005615,8
HW00001500,8
HW00007839,8
HW00005625,8
HW00003204,8
HW00005191,8
HW00007833,8
HW00004863,8
HW00003534,8
HW00001145,8
HW00007708,8
HW00001454,8
HW00005863,8
HW00002625,8
HW00004137,8
HW00002974,8
HW00006728,8
HW00002046,8
HW00005536,8
HW00000084,8
HW00000633,8
HW00005109,8
HW00002595,8
HW00000174,8
HW00002202,8
HW00004944,8
HW00003856,8
HW00004747,8
HW00001365,8
HW00003023,8
HW00005281,8
HW00005263,8
HW00006223,8
HW00007739,8
HW00007823,8
HW00004986,8
HW00007875,8
HW00000365,8
HW00005547,8
HW00007580,8
HW00006767,8
HW00006386,8
HW00002404,8
HW00006385,8
HW00000151,8
HW00001701,8
HW00003728,8
HW00001369,8
HW00007377,8
HW00004527,8
HW00003555,8
HW00001455,8
HW00005558,8
HW00001785,8
HW00003566,8
HW00001313,8
HW00004917,8
HW00004028,8
HW00002511,8
HW00005233,8
HW00005249,8
HW00004883,8
HW00003087,8
HW00006411,8
HW00004804,8
HW00005580,8
HW00000089,8
HW00002128,8
HW00001638,8
HW00004264,8
HW00004848,8
HW00007195,8
HW00006389,8
HW00002941,8
HW00000857,8
HW00000548,8
HW00001482,8
HW00001308,8
HW00006811,8
HW00006856,8
HW00003083,8
HW00007827,8
HW00002115,8
HW00007313,8
HW00006694,8
HW00004489,8
HW00005925,8
HW00002808,8
HW00001393,8
HW00003610,8
HW00006170,8
HW00004402,8
HW00006343,8
HW00006970,8
HW00000833,8
HW00004047,8
HW00005885,8
HW00000255,8
HW00000662,8
HW00001979,8
HW00007353,8
HW00002067,8
HW00006488,8
HW00000847,8
HW00005519,8
HW00004197,8
HW00003773,8
HW00006978,8
HW00004404,8
HW00002753,8
HW00002025,8
HW00000391,8
HW00006956,8
HW00000488,8
HW00001839,8
HW00005524,8
HW00001726,8
HW00004416,8
HW00007776,8
HW00001750,8
HW00005107,8
HW00003905,8
HW00001821,8
HW00003695,8
HW00007055,8
HW00002366,8
HW00001289,8
HW00001602,8
HW00003994,8
HW00004550,8
HW00000121,8
HW00007268,8
HW00007884,8
HW00006836,8
HW00003458,8
HW00003024,8
HW00003719,8
HW00007453,8
HW00001596,8
HW00000941,8
HW00006538,8
HW00003626,8
HW00003007,8
HW00000038,8
HW00005900,8
HW00001339,8
HW00000330,8
HW00003568,8
HW00004180,8
HW00005271,8
HW00000316,8
HW00004506,8
HW00001065,8
HW00001139,8
HW00004147,8
HW00004715,8
HW00000854,8
HW00003064,8
HW00000421,8
HW00007451,8
HW00000143,8
HW00004845,8
HW00003632,8
HW00007781,8
HW00007542,8
HW00002803,8
HW00002773,8
HW00004956,8
HW00000440,8
HW00005380,8
HW00004035,8
HW00003031,8
HW00002090,8
HW00006699,8
HW00003068,8
HW00001971,8
HW00006514,8
HW00003111,8
HW00001953,8
HW00006358,8
HW00001293,8
HW00001241,8
HW00004812,8
HW00001680,8
HW00000835,8
HW00001032,8
HW00001245,8
HW00002779,8
HW00001904,8
HW00006260,8
HW00003271,8
HW00004139,8
HW00001406,8
HW00002648,8
HW00006690,8
HW00005660,8
HW00006852,8
HW00004962,8
HW00006489,8
HW00005736,8
HW00006576,8
HW00007078,8
HW00002464,8
HW00004434,8
HW00007924,8
HW00006006,8
HW00000140,8
HW00003677,8
HW00000053,8
HW00001577,8
HW00003449,8
HW00001294,8
HW00005178,8
HW00006497,8
HW00003825,8
HW00006501,8
HW00004259,8
HW00007585,8
HW00003498,8
HW00004325,8
HW00003248,8
HW00007186,8
HW00004873,8
HW00007896,8
HW00002639,8
HW00006272,8
HW00004316,8
HW00000570,8
HW00001108,8
HW00006877,8
HW00007596,8
HW00004642,8
HW00004593,8
HW00005527,8
HW00001654,8
HW00006083,8
HW00007637,8
HW00000157,8
HW00000850,8
HW00003599,8
HW00003676,8
HW00002619,8
HW00002806,8
HW00006688,8
HW00000403,8
HW00006479,8
